date,1,2,3,4,5,6,7,8,9,10,11,12,13,14,15,16,17,18,19,20,21,22,23,24
01/01/88,34,32,31,32,31,29,28,30,31,34,37,39,41,42,41,39,35,34,34,33,31,31,31,31
01/02/88,32,30,29,31,29,24,29,26,29,33,34,36,38,39,39,38,34,33,32,30,29,30,31,30
01/03/88,30,30,30,32,32,31,34,32,37,38,38,40,41,42,40,40,40,40,40,40,40,40,40,39
01/04/88,39,39,39,39,38,38,39,38,39,40,40,41,42,43,41,42,40,40,40,40,40,40,40,39
01/05/88,38,38,38,39,38,38,39,39,39,40,42,43,44,45,46,42,42,42,41,41,40,40,39,40
01/06/88,40,40,39,39,38,38,36,38,38,42,44,45,44,44,43,43,41,42,42,42,41,41,40,39
01/07/88,38,39,38,38,38,39,38,39,39,41,44,46,48,48,47,46,43,42,41,41,40,39,36,35
01/08/88,38,38,39,39,39,40,40,41,42,39,37,37,38,37,37,37,37,37,37,38,39,39,39,38
01/09/88,40,39,36,37,38,37,38,39,40,41,41,41,42,42,43,46,46,47,47,47,46,46,45,44
01/10/88,44,43,42,43,42,42,42,42,43,42,44,43,45,44,44,44,43,41,41,41,41,40,41,40
01/11/88,40,38,38,37,38,38,39,39,40,40,43,43,44,44,45,45,44,43,42,42,42,41,41,41
01/12/88,39,38,39,39,38,37,40,39,39,40,41,42,44,45,45,44,44,44,42,41,38,38,39,39
01/13/88,39,39,39,38,39,39,39,39,40,41,42,44,45,46,46,46,46,46,47,46,47,46,46,44
01/14/88,44,45,44,45,47,48,50,51,52,51,52,53,52,52,51,50,49,47,43,43,42,43,42,41
01/15/88,41,41,41,41,41,40,39,40,40,41,42,44,45,46,45,45,46,46,46,43,41,40,40,38
01/16/88,39,39,38,38,38,39,37,36,37,39,40,41,42,42,41,41,40,38,37,37,37,36,38,36
01/17/88,37,37,37,37,37,36,36,35,38,41,43,42,44,42,43,40,38,37,39,39,38,38,38,39
01/18/88,38,38,38,38,37,38,38,38,39,41,40,43,43,45,45,45,41,39,39,36,36,35,34,33
01/19/88,34,34,34,34,36,35,37,36,37,39,41,42,43,44,45,44,43,41,41,40,39,39,39,39
01/20/88,38,38,40,41,40,41,41,41,43,44,44,46,49,45,45,46,44,42,41,40,40,39,38,37
01/21/88,37,36,36,36,35,36,36,36,37,40,43,46,46,46,45,43,43,41,40,40,39,37,36,37
01/22/88,38,35,37,37,36,40,38,40,39,39,41,41,42,44,45,45,44,45,45,45,44,44,44,42
01/23/88,42,41,40,39,40,39,39,40,40,41,41,42,42,43,45,45,40,38,38,40,35,39,40,35
01/24/88,36,34,32,30,31,32,32,32,33,34,37,37,40,41,41,41,40,40,39,40,40,40,39,39
01/25/88,39,38,37,38,39,37,37,37,39,40,44,47,48,47,47,46,43,42,41,40,38,40,40,38
01/26/88,35,35,36,36,35,33,35,34,36,38,40,42,42,44,44,44,41,40,40,39,40,41,40,39
01/27/88,39,39,40,38,39,39,39,40,42,45,47,51,53,53,53,53,51,48,50,48,49,49,48,47
01/28/88,49,48,47,45,45,46,46,49,50,50,46,48,47,47,47,48,48,48,48,47,46,47,46,46
01/29/88,46,47,48,48,49,48,48,47,47,46,47,46,44,44,45,45,40,40,40,40,38,38,38,36
01/30/88,36,37,37,37,37,37,37,37,37,38,37,38,39,37,38,37,36,35,34,35,35,35,35,35
01/31/88,35,34,33,32,32,31,31,31,31,32,33,34,35,35,35,35,34,33,33,33,33,32,31,29
02/01/88,30,30,27,25,26,24,25,24,28,31,33,35,37,38,37,37,35,33,34,33,31,32,30,28
02/02/88,29,27,27,26,26,25,26,27,28,29,31,33,35,38,39,39,38,39,38,37,37,38,39,38
02/03/88,38,38,39,38,38,38,39,38,39,40,40,40,42,42,42,43,43,42,42,42,41,40,39,39
02/04/88,37,37,37,38,35,34,33,33,34,38,38,41,45,45,46,45,44,42,42,40,39,37,36,37
02/05/88,36,35,36,34,33,35,35,34,36,40,42,44,47,49,48,45,44,43,41,42,43,42,44,43
02/06/88,40,43,41,40,41,40,40,41,42,43,44,45,45,45,45,45,46,46,46,46,46,46,46,46
02/07/88,46,46,46,46,46,46,46,46,46,46,47,47,49,49,48,48,48,48,48,47,47,46,46,46
02/08/88,46,46,45,45,45,45,45,45,46,47,48,49,47,48,48,48,49,49,50,50,49,49,48,47
02/09/88,46,46,45,45,46,45,45,45,45,45,45,45,45,45,45,45,45,46,46,45,45,45,45,45
02/10/88,46,46,46,46,47,46,46,47,47,48,48,48,49,49,50,50,49,48,48,48,48,48,47,47
02/11/88,47,47,47,47,46,46,46,46,47,49,50,51,51,51,51,50,50,49,48,48,47,46,45,44
02/12/88,46,47,48,46,46,45,43,44,45,45,48,48,49,49,49,49,50,52,49,46,46,45,46,44
02/13/88,44,44,44,43,42,42,42,42,44,46,48,48,50,48,49,47,47,45,45,45,44,44,43,43
02/14/88,44,43,43,43,41,40,40,41,42,42,43,44,44,44,44,45,45,45,46,44,44,44,45,45
02/15/88,44,44,43,43,42,43,42,42,43,43,44,44,43,44,44,46,46,44,43,41,41,39,41,38
02/16/88,37,35,36,37,36,36,36,36,40,42,44,47,49,48,48,47,46,44,43,42,41,43,43,43
02/17/88,43,43,43,42,43,42,42,41,41,43,44,44,45,46,47,48,47,46,45,43,43,42,41,41
02/18/88,40,39,39,38,38,39,38,39,41,43,44,44,47,48,48,48,47,47,46,47,46,46,44,45
02/19/88,44,44,44,44,44,44,43,44,45,47,50,51,52,52,53,52,50,46,44,43,43,42,41,39
02/20/88,38,41,41,40,40,40,40,39,39,39,40,41,43,44,46,48,47,42,40,39,39,37,37,38
02/21/88,38,40,38,37,39,39,38,39,39,39,39,40,42,43,44,44,43,42,41,41,38,39,39,39
02/22/88,39,39,38,38,37,37,38,37,41,44,46,49,50,49,51,51,49,44,42,42,39,41,38,40
02/23/88,39,39,36,38,36,36,35,38,41,47,52,55,54,57,56,56,56,50,53,52,51,51,50,50
02/24/88,46,46,42,44,42,41,39,40,43,45,53,54,55,56,58,58,56,51,51,51,50,48,46,44
02/25/88,43,41,42,41,40,40,39,40,44,48,50,52,54,55,54,53,54,50,50,48,47,49,47,45
02/26/88,47,43,46,41,40,40,42,43,47,50,54,58,56,59,61,59,55,52,51,50,50,49,48,45
02/27/88,45,43,42,41,40,42,42,42,42,44,46,53,56,57,58,58,56,52,50,49,48,48,47,45
02/28/88,45,45,45,44,44,44,42,44,46,51,55,59,59,59,60,61,59,56,53,52,53,50,51,51
02/29/88,49,50,50,50,51,50,50,49,50,51,52,54,55,56,58,58,57,52,51,50,48,49,47,48
03/01/88,47,47,46,46,46,46,46,46,47,47,48,49,50,51,52,52,52,51,50,50,49,48,47,47
03/02/88,47,47,47,47,46,45,46,46,47,48,48,49,51,50,50,48,48,48,48,47,45,44,43,43
03/03/88,42,42,41,40,38,36,36,39,42,43,44,49,49,50,50,50,49,47,46,47,44,42,41,40
03/04/88,41,41,41,41,42,42,42,41,41,43,45,46,47,47,48,48,46,45,43,42,41,42,42,41
03/05/88,41,40,40,39,40,40,39,42,42,43,46,43,43,44,47,49,47,46,47,40,39,40,40,38
03/06/88,37,39,39,39,39,39,39,40,42,43,46,47,49,48,49,49,49,46,44,43,42,40,41,41
03/07/88,40,40,39,38,39,37,37,38,43,45,48,49,52,51,51,51,50,49,49,48,48,46,45,47
03/08/88,45,44,44,44,44,43,43,44,45,46,46,46,46,46,47,47,47,47,46,46,46,46,44,43
03/09/88,43,43,42,42,41,42,40,42,42,42,42,44,46,47,42,42,41,41,40,38,38,37,36,36
03/10/88,36,35,34,35,36,36,35,37,40,43,45,45,46,49,50,50,47,44,42,43,42,41,40,40
03/11/88,36,37,35,35,35,34,32,35,39,43,47,48,51,52,54,53,52,48,45,44,44,40,41,41
03/12/88,39,37,36,37,36,35,33,38,44,44,47,52,53,54,54,54,53,51,45,46,46,46,45,45
03/13/88,45,43,41,40,41,40,40,41,45,48,50,52,53,54,55,52,51,50,49,45,44,45,40,39
03/14/88,39,38,40,38,39,38,37,39,41,46,47,51,52,53,53,53,51,49,47,45,46,46,45,39
03/15/88,38,37,35,37,35,33,34,40,45,48,52,55,57,58,57,58,56,53,50,46,49,49,47,44
03/16/88,44,44,43,42,36,38,37,44,50,54,55,59,61,62,63,63,61,57,52,51,51,49,48,45
03/17/88,43,44,39,40,41,37,41,43,48,51,54,56,58,62,62,63,59,56,52,51,48,49,49,43
03/18/88,46,43,42,41,40,40,37,43,47,52,54,58,62,65,65,64,64,60,59,54,53,51,51,50
03/19/88,50,47,47,46,44,44,45,48,50,53,55,57,59,60,60,60,59,58,54,53,52,50,50,51
03/20/88,50,50,52,52,51,52,51,49,49,50,50,50,52,54,53,54,53,50,48,46,44,42,41,41
03/21/88,40,43,41,40,42,42,43,43,45,46,47,48,49,51,50,51,50,49,47,44,42,42,42,42
03/22/88,42,43,43,42,41,41,42,43,44,45,47,50,50,52,53,53,50,49,48,46,45,44,45,44
03/23/88,45,44,44,44,44,43,44,44,44,46,47,49,49,51,51,48,48,45,42,42,41,40,41,41
03/24/88,42,41,40,39,39,39,39,40,41,41,42,42,42,42,42,42,42,42,42,42,42,43,44,43
03/25/88,43,43,43,43,43,42,42,42,42,44,46,45,47,47,50,52,52,52,50,50,50,50,50,49
03/26/88,46,46,45,43,42,41,40,40,40,40,39,39,40,43,44,44,45,41,40,39,38,37,37,37
03/27/88,38,37,35,35,35,36,37,39,38,39,42,45,46,48,48,48,48,48,46,44,42,41,40,37
03/28/88,37,37,36,36,35,34,36,39,42,45,47,49,49,48,49,44,43,41,39,39,38,37,37,37
03/29/88,38,39,39,41,40,40,40,42,43,44,47,49,49,49,50,49,47,47,46,45,43,44,43,42
03/30/88,41,41,41,40,38,39,41,42,43,47,48,50,53,53,53,53,52,50,50,49,48,48,46,46
03/31/88,45,45,45,45,44,44,45,46,47,49,51,53,54,56,57,58,58,56,54,51,51,51,47,47
04/01/88,46,45,45,44,45,44,44,45,45,46,49,52,53,53,53,52,50,49,48,47,47,47,47,47
04/02/88,46,47,46,46,46,47,48,48,49,50,50,50,50,49,49,49,49,50,49,48,47,46,45,45
04/03/88,44,44, 0,44,42,42,41,41,43,45,46,46,42,48,48,48,46,47,47,44,41,39,39,39
04/04/88,39,38,39,39,39,39,38,38,41,43,45,48,49,47,49,49,48,48,46,44,42,42,41,41
04/05/88,40,40,40,40,40,39,40,40,42,44,46,48,48,49,50,50,50,51,50,50,50,50,51,51
04/06/88,50,50,50,50,50,48,47,46,46,46,47,47,47,49,51,51,48,48,47,44,43,42,41,39
04/07/88,38,37,37,37,37,37,38,40,42,45,47,48,49,47,49,47,44,44,44,42,42,41,40,39
04/08/88,40,41,41,40,40,40,40,40,41,42,44,47,47,49,52,53,53,53,51,47,44,46,43,41
04/09/88,41,40,41,40,37,39,39,41,46,50,55,60,64,65,67,67,67,64,61,55,54,54,55,52
04/10/88,54,51,49,48,46,44,43,50,55,57,60,63,68,68,72,73,72,71,66,62,58,57,56,54
04/11/88,51,51,50,48,47,45,44,47,50,54,56,59,60,62,63,63,63,60,57,54,51,51,50,50
04/12/88,48,47,46,45,43,44,45,48,52,57,61,64,64,68,70,72,70,69,69,63,58,56,56,55
04/13/88,51,54,50,50,49,50,49,50,50,50,52,52,56,55,55,57,57,56,56,54,53,52,52,51
04/14/88,50,50,50,49,48,48,49,50,51,51,50,51,52,53,56,56,56,57,55,52,52,50,50,51
04/15/88,51,50,50,50,50,50,49,50,50,52,53,55,57,60,62,63,63,61,60,60,60,60,59,58
04/16/88,56,55,54,53,51,51,50,50,50,50,49,49,50,50,51,53,52,52,52,51,51,51,50,49
04/17/88,49,49,48,48,47,47,46,46,46,46,47,47,48,48,48,48,48,48,48,48,48,47,48,47
04/18/88,47,47,44,43,41,40,41,44,47,48,51,53,54,56,58,59,60,57,58,55,53,53,52,51
04/19/88,50,48,47,47,46,45,45,47,50,53,57,59,61,63,63,63,61,62,60,59,57,57,57,56
04/20/88,54,56,55,53,52,50,50,52,54,56,61,62,64,66,67,66,68,68,65,63,56,54,51,51
04/21/88,50,49,49,49,49,49,49,49,49,50,50,51,51,52,52,51,53,51,49,47,47,46,45,44
04/22/88,44,43,43,43,43,43,44,44,45,45,46,47,49,50,51,53,53,51,50,50,50,49,47,47
04/23/88,47,47,47,47,47,47,47,47,47,47,48,49,50,47,51,49,51,49,50,47,45,44,42,41
04/24/88,39,39,38,38,38,39,40,42,45,47,49,50,50,51,50,45,45,46,45,46,44,42,41,41
04/25/88,40,41,41,41,42,41,42,43,45,47,49,50,54,53,53,55,55,56,54,52,47,49,44,47
04/26/88,46,44,40,42,41,41,41,45,49,53,55,58,61,63,66,66,66,67,67,64,62,61,57,54
04/27/88,50,49,48,48,50,48,52,54,58,63,66,64,68,66,69,64,66,69,67,65,62,57,56,56
04/28/88,55,53,53,53,52,53,54,55,56,58,59,61,62,61,61,57,54,54,54,51,50,49,50,49
04/29/88,47,47,47,46,46,45,44,44,47,49,49,50,50,51,48,44,44,43,43,43,41,42,42,41
04/30/88,40,41,40,40,39,39,40,42,42,44,45,48,51,52,47,48,47,43,42,43,42,41,40,40
05/01/88,40,40,40,40,40,40,40,40,42,44,48,50,50,50,50,47,48,47,47,46,44,44,44,44
05/02/88,44,44,44,44,44,44,44,44,45,45,47,47,45,46,47,46,45,46,46,46,44,45,44,42
05/03/88,43,42,42,41,41,40,41,45,47,48,51,50,50,52,49,49,53,47,47,46,45,43,43,43
05/04/88,44,43,43,44,43,43,44,45,47,49,47,47,48,51,52,53,53,57,57,52,51,49,48,45
05/05/88,46,45,45,44,43,42,43,45,46,49,52,53,53,51,54,57,59,56,55,54,50,49,49,48
05/06/88,47,46,46,46,45,45,45,46,46,46,47,49,51,51,51,55,55,55,52,51,47,45,46,45
05/07/88,43,43,43,44,40,42,45,48,51,53,57,57,60,61,63,63,65,66,62,60,56,54,53,54
05/08/88,53,52,51,50,47,47,50,52,55,58,60,62,64,68,69,70,65,64,58,55,53,53,51,50
05/09/88,51,51,50,50,50,50,50,52,54,59,60,63,64,65,65,66,66,63,61,60,59,59,58,58
05/10/88,58,59,58,57,57,54,57,59,63,66,68,71,76,77,79,79,77,76,70,68,64,61,62,62
05/11/88,59,59,56,57,57,55,57,60,63,67,70,71,76,78,82,82,83,78,79,77,71,73,71,63
05/12/88,61,60,59,56,56,57,60,62,63,64,66,69,70,71,72,70,68,66,64,61,55,53,52,53
05/13/88,51,52,52,50,50,50,50,50,51,51,54,50,55,51,54,54,54,53,50,50,50,49,49,49
05/14/88,49,49,49,48,48,49,48,49,51,54,56,58,61,62,62,63,63,63,61,60,60,60,58,54
05/15/88,54,54,52,51,50,52,52,56,59,62,66,70,69,71,72,73,72,71,68,62,59,56,55,52
05/16/88,51,51,52,52,51,51,50,50,51,52,52,52,53,50,52,56,57,54,56,53,51,48,50,50
05/17/88,49,48,48,47,47,46,47,48,51,53,55,49,54,54,55,56,51,53,53,52,50,50,48,48
05/18/88,47,46,47,46,46,47,47,47,48,50,52,52,53,55,56,56,58,59,58,56,53,50,50,49
05/19/88,50,50,50,49,49,49,49,50,52,57,56,58,60,60,63,63,63,63,62,60,54,53,52,52
05/20/88,51,50,49,48,48,48,50,52,55,58,60,64,65,66,68,68,69,69,66,61,57,55,55,54
05/21/88,52,55,50,51,50,49,53,56,62,65,68,74,74,79,82,84,84,83,82,80,75,66,62,65
05/22/88,64,63,59,60,60,59,58,59,58,57,57,57,56,60,58,55,53,50,51,53,51,49,49,48
05/23/88,46,47,46,47,44,45,47,47,51,51,54,56,58,59,55,55,57,55,55,53,50,50,50,50
05/24/88,49,44,43,44,45,48,48,49,54,56,57,61,61,62,63,64,64,64,63,61,57,53,52,51
05/25/88,49,46,48,48,47,49,50,51,53,55,57,60,63,63,64,63,66,66,65,63,60,55,52,54
05/26/88,50,50,49,48,49,48,51,52,54,55,57,57,59,60,57,57,60,60,59,57,55,54,54,54
05/27/88,55,54,54,55,54,54,54,58,59,61,62,62,63,63,58,58,56,56,56,56,55,54,53,53
05/28/88,52,51,51,52,53,52,53,50,50,51,51,50,56,57,58,59,58,57,55,53,51,49,47,45
05/29/88,44,45,45,44,43,44,45,45,46,48,53,53,52,58,59,60,60,58,58,54,53,52,51,50
05/30/88,49,47,44,43,42,42,47,49,52,54,55,56,58,59,61,61,62,59,57,56,55,54,52,51
05/31/88,51,51,50,51,50,50,50,51,51,51,54,54,54,55,57,58,57,57,59,56,53,53,53,51
06/01/88,50,49,49,49,48,47,47,47,48,49,53,54,51,49,51,55,57,58,58,56,52,50,51,49
06/02/88,49,48,49,49,47,48,50,54,56,58,56,57,58,60,64,59,57,54,54,54,53,51,50,49
06/03/88,48,48,46,49,48,48,50,50,51,55,56,59,60,61,63,64,64,63,64,62,54,54,52,53
06/04/88,53,52,50,52,51,50,49,49,49,49,51,51,55,58,59,57,59,59,51,55,50,51,51,50
06/05/88,49,50,49,49,48,48,48,49,49,52,54,55,58,51,51,60,60,59,59,57,54,53,50,50
06/06/88,51,50,49,49,48,48,48,48,49,50,53,55,59,61,61,63,63,60,60,60,58,57,54,52
06/07/88,54,50,52,52,52,52,53,54,56,54,56,53,51,55,55,54,56,56,55,54,52,50,51,51
06/08/88,51,58,58,46,45,44,48,50,52,57,58,60,62,64,64,65,63,65,63,61,60,58,56,51
06/09/88,53,52,51,50,48,49,52,55,59,59,61,62,61,61,62,60,58,55,54,54,53,53,52,52
06/10/88,52,52,52,51,51,51,51,52,53,53,54,54,56,59,63,64,64,64,61,59,55,54,53,53
06/11/88,52,51,51,51,50,49,52,56,56,58,59,63,64,63,65,66,66,65,64,60,56,54,53,54
06/12/88,53,52,51,49,50,48,51,55,59,60,61,63,65,68,68,70,70,70,69,67,62,57,60,58
06/13/88,57,53,51,52,51,50,55,58,61,63,66,68,71,73,75,76,76,76,74,71,67,63,60,60
06/14/88,62,61,60,58,57,57,60,63,68,71,73,77,76,81,83,84,85,86,84,82,73,69,68,64
06/15/88,68,60,59,56,54,54,57,59,67,64,65,67,69,72,74,75,77,75,74,74,69,67,64,60
06/16/88,58,56,54,52,52,54,55,56,55,55,58,57,57,58,61,63,64,64,65,63,62,59,56,55
06/17/88,53,52,52,51,50,52,53,54,54,55,57,60,64,65,65,64,63,61,60,59,59,58,58,56
06/18/88,56,56,56,57,56,56,57,58,58,59,63,65,67,68,69,69,69,68,67,65,62,60,58,57
06/19/88,56,55,54,53,52,52,54,57,60,62,64,67,68,70,71,71,72,72,71,66,59,56,57,57
06/20/88,56,54,54,53,53,53,53,56,57,61,62,65,67,70,72,72,71,73,71,68,65,62,60,58
06/21/88,59,59,56,55,55,57,59,61,62,66,69,72,76,77,79,79,80,76,74,73,69,68,68,66
06/22/88,65,64,63,62,61,59,59,59,60,62,63,64,65,66,65,65,69,67,67,63,60,59,57,57
06/23/88,56,56,55,54,54,53,54,54,56,56,57,58,61,62,63,64,65,63,65,62,57,56,55,54
06/24/88,54,54,54,54,53,52,54,56,59,62,64,67,68,70,73,74,76,74,73,70,66,64,65,60
06/25/88,63,58,55,59,56,56,59,62,66,67,70,69,71,71,70,72,70,71,70,66,62,59,57,55
06/26/88,56,55,54,54,55,56,56,57,58,58,58,60,61,62,66,65,65,64,63,62,58,55,54,55
06/27/88,54,54,54,53,52,53,53,54,57,57,58,59,62,64,63,64,64,63,61,61,58,54,52,52
06/28/88,54,53,51,50,50,50,51,52,53,56,58,61,60,62,63,60,58,58,57,57,56,54,53,52
06/29/88,51,51,51,51,50,49,50,53,56,59,62,64,63,68,69,69,66,66,67,63,60,57,53,52
06/30/88,54,54,53,51,51,51,51,53,57,58,61,64,67,70,68,70,68,68,67,66,64,63,62,61
07/01/88,60,58,56,56,55,53,54,56,55,56,57,58,61,64,63,62,61,63,62,61,60,59,59,58
07/02/88,58,58,58,58,58,59,58,58,58,60,61,62,64,67,69,69,69,68,66,63,58,57,56,56
07/03/88,55,54,54,54,53,52,52,54,57,59,57,60,59,62,62,61,66,63,61,60,58,58,58,55
07/04/88,53,52,52,52,52,51,51,53,55,56,60,59,62,63,65,65,64,64,62,60,57,55,56,55
07/05/88,54,53,52,52,53,52,52,53,52,53,57,61,62,64,61,63,61,58,57,54,53,52,51,52
07/06/88,51,51,52,52,53,53,53,54,55,55,59,62,61,65,65,65,65,68,66,65,61,57,54,54
07/07/88,53,52,51,51,50,50,52,55,58,62,66,69,72,73,74,75,76,74,72,69,65,61,61,61
07/08/88,61,58,58,58,57,52,59,63,64,69,71,73,77,78,81,82,83,82,82,78,70,64,68,65
07/09/88,60,57,55,52,52,52,54,57,59,63,65,68,72,74,77,77,78,78,76,74,70,67,65,61
07/10/88,57,56,54,53,56,55,55,55,56,56,57,60,61,62,67,68,71,71,72,67,62,58,56,56
07/11/88,56,56,56,55,55,55,55,56,56,58,56,59,61,62,63,65,64,61,60,59,58,57,57,56
07/12/88,56,55,55,54,55,54,54,55,56,60,58,60,62,62,60,59,62,58,58,58,58,58,58,58
07/13/88,57,57,56,55,55,55,55,56,58,60,61,63,62,65,65,65,66,65,64,64,58,57,54,55
07/14/88,54,55,55,55,54,52,55,56,59,59,62,66,68,70,70,71,72,71,71,69,62,58,56,58
07/15/88,58,56,57,57,57,56,56,59,61,63,66,68,70,71,74,74,74,73,72,69,63,61,61,57
07/16/88,59,57,56,55,53,54,57,60,64,67,67,70,72,73,75,74,76,75,74,70,65,65,63,61
07/17/88,59,57,59,59,58,57,59,61,63,66,69,69,73,74,74,78,77,76,74,71,66,62,65,63
07/18/88,61,60,59,59,57,58,59,62,64,69,72,75,77,78,78,80,82,81,80,76,71,69,71,70
07/19/88,69,69,65,63,62,60,65,71,74,78,84,86,89,92,93,94,94,93,91,88,85,83,81,74
07/20/88,76,72,67,66,66,63,67,75,74,81,81,85,87,89,91,93,95,93,89,85,80,75,72,64
07/21/88,59,58,57,55,55,53,57,60,60,64,67,69,74,75,79,81,80,81,79,75,72,67,65,62
07/22/88,61,59,58,58,57,56,58,59,63,63,65,68,70,70,72,73,75,73,73,69,65,65,64,62
07/23/88,60,59,56,54,54,52,55,57,62,67,70,71,75,78,77,77,80,79,79,76,71,69,66,67
07/24/88,65,64,62,62,56,58,59,65,69,72,75,77,79,80,84,85,85,84,83,77,73,73,72,69
07/25/88,69,67,65,64,63,59,64,68,71,75,78,83,87,90,92,93,94,93,91,87,80,76,75,73
07/26/88,72,73,70,67,70,66,71,73,76,79,81,83,87,88,92,92,88,85,84,81,78,74,71,68
07/27/88,65,61,59,56,55,54,58,60,63,65,67,69,70,72,73,75,76,76,74,71,63,61,60,55
07/28/88,54,53,53,51,51,51,52,55,57,62,65,67,70,73,74,76,77,77,77,73,68,64,65,64
07/29/88,63,62,62,59,60,58,61,63,65,67,70,73,74,76,78,80,79,79,78,74,67,67,64,63
07/30/88,61,60,58,57,58,57,60,63,65,68,70,73,76,77,79,80,80,79,78,73,68,66,64,63
07/31/88,63,62,57,55,53,52,54,55,57,58,59,60,63,63,64,69,70,69,69,65,62,60,57,56
08/01/88,55,55,55,55,55,55,55,56,57,59,62,64,64,70,71,72,73,74,72,69,67,63,65,64
08/02/88,58,59,60,55,51,53,56,59,63,67,71,73,77,78,81,82,82,82,80,77,77,68,68,67
08/03/88,70,65,64,60,58,59,61,65,69,75,78,79,84,86,88,89,90,88,87,83,77,78,75,73
08/04/88,73,71,65,63,62,61,63,68,73,75,76,80,83,84,88,88,89,87,84,79,74,72,68,66
08/05/88,66,65,60,60,57,54,56,56,56,58,58,58,60,67,69,70,69,67,68,64,59,56,56,56
08/06/88,55,54,54,54,54,54,54,55,57,59,63,64,65,66,67,65,66,66,65,64,63,61,58,54
08/07/88,57,56,54,55,54,53,56,57,59,64,62,65,70,71,74,74,74,74,73,69,64,62,59,60
08/08/88,57,57,57,56,55,55,55,57,61,64,67,70,73,75,76,78,79,79,76,73,68,65,65,64
08/09/88,63,60,61,60,59,56,59,59,59,60,61,62,63,66,66,70,72,69,70,68,63,62,60,63
08/10/88,60,59,59,59,58,58,59,60,62,63,67,70,72,73,74,76,77,76,74,70,66,63,64,64
08/11/88,60,57,58,55,52,51,53,54,53,55,58,62,65,70,71,73,73,72,70,67,63,60,58,57
08/12/88,56,56,56,55,55,55,55,56,57,58,60,63,64,69,70,71,73,72,71,68,64,60,58,58
08/13/88,57,58,58,57,57,57,56,57,58,60,60,64,65,66,67,69,69,70,67,64,62,59,58,56
08/14/88,57,56,55,55,55,54,52,55,56,58,61,66,66,69,70,71,70,71,69,65,60,58,57,59
08/15/88,54,56,57,57,56,55,54,55,56,58,59,62,63,64,62,59,62,61,61,60,58,58,58,57
08/16/88,57,57,57,57,57,58,58,58,60,61,62,64,60,64,64,63,62,62,61,61,60,58,59,59
08/17/88,57,57,57,56,55,54,53,56,59,62,64,67,68,70,68,68,66,63,63,62,61,58,56,57
08/18/88,58,57,57,57,56,56,56,56,57,61,64,68,69,70,72,72,73,72,70,67,63,63,63,57
08/19/88,59,59,58,53,54,54,54,56,58,62,65,67,67,70,71,70,73,69,66,65,62,61,60,58
08/20/88,57,53,54,51,52,50,52,54,55,56,57,60,61,62,64,64,66,66,66,63,59,57,56,56
08/21/88,55,56,56,51,55,54,54,57,60,63,67,69,72,74,75,76,76,75,73,68,64,62,63,62
08/22/88,61,60,59,58,57,56,57,59,63,66,70,75,77,79,82,81,82,81,79,74,69,70,67,66
08/23/88,65,65,63,63,61,61,62,66,70,74,78,81,84,87,89,89,89,87,83,77,72,73,72,72
08/24/88,71,67,58,60,57,55,54,58,61,61,61,68,70,76,77,77,78,77,73,68,66,63,60,58
08/25/88,57,55,53,55,55,55,55,58,59,61,63,66,69,71,72,75,74,72,72,67,64,65,63,62
08/26/88,60,57,59,58,54,57,54,59,63,63,65,69,72,75,73,75,77,76,72,69,67,63,62,62
08/27/88,61,60,59,56,57,57,57,60,63,67,71,73,76,79,81,83,83,80,78,73,69,67,68,68
08/28/88,67,63,64,61,61,63,58,63,68,72,76,78,80,82,86,89,88,86,82,76,73,73,65,63
08/29/88,62,63,60,58,59,59,59,60,60,59,60,62,65,66,68,68,68,69,66,64,63,63,61,61
08/30/88,59,59,55,57,56,57,57,57,61,63,64,67,69,70,71,71,72,71,68,63,61,59,61,59
08/31/88,57,57,57,56,56,51,53,57,61,65,68,71,73,76,76,77,76,75,72,68,65,66,65,63
09/01/88,58,61,61,60,58,57,56,61,65,70,74,77,80,83,84,85,85,83,80,73,70,71,71,70
09/02/88,68,65,65,65,61,62,61,66,71,75,80,85,88,93,95,98,98,97,92,82,76,75,74,70
09/03/88,72,69,66,61,59,59,62,64,70,71,75,79,83,85,89,92,91,86,82,76,73,69,64,61
09/04/88,59,57,56,54,54,55,54,54,55,56,59,60,65,70,73,78,75,75,73,69,64,60,59,58
09/05/88,56,56,57,56,55,55,55,55,55,56,56,58,58,60,59,59,59,58,58,57,57,58,59,59
09/06/88,58,57,57,56,55,55,54,55,56,57,61,62,65,67,66,67,65,66,62,59,58,59,57,58
09/07/88,58,57,58,57,56,55,55,56,58,62,63,68,69,71,73,73,72,71,69,62,65,63,58,56
09/08/88,55,56,54,54,53,53,51,54,57,60,65,66,70,71,74,75,75,73,65,62,60,59,58,57
09/09/88,57,57,57,56,56,54,51,54,56,58,60,62,66,67,68,68,65,68,64,56,56,53,52,51
09/10/88,48,48,50,49,48,48,47,48,52,54,56,60,63,63,67,67,68,65,63,57,58,55,54,55
09/11/88,53,52,48,49,49,47,48,52,56,59,63,67,69,71,72,73,73,71,68,63,60,60,60,61
09/12/88,60,58,57,54,52,50,52,56,60,64,68,72,76,77,78,80,80,76,73,68,66,66,65,62
09/13/88,60,62,59,59,58,56,57,58,62,66,72,73,78,79,81,83,83,81,76,72,71,68,67,61
09/14/88,61,62,63,60,57,54,57,59,64,67,70,73,76,78,80,81,80,79,72,65,61,58,55,52
09/15/88,51,51,52,52,52,53,54,55,56,57,58,59,59,60,60,60,60,59,58,55,55,55,55,55
09/16/88,55,52,51,50,50,50,50,50,51,53,54,57,60,63,63,64,63,61,59,56,54,54,53,52
09/17/88,49,48,48,48,48,49,49,48,51,53,56,58,57,61,61,63,66,59,57,58,57,54,50,50
09/18/88,48,48,46,45,45,44,44,47,48,51,54,55,55,58,58,59,57,56,53,52,51,52,50,50
09/19/88,50,52,52,53,53,53,53,53,54,55,56,58,60,63,64,57,61,58,58,57,56,56,55,55
09/20/88,54,54,54,53,52,52,51,53,54,57,59,59,62,65,66,66,65,64,60,58,55,57,57,53
09/21/88,51,51,50,49,49,48,47,49,52,56,56,59,61,64,66,66,66,65,60,56,57,53,52,51
09/22/88,50,50,49,44,46,46,48,48,48,49,50,52,53,58,58,60,59,60,57,53,51,51,51,50
09/23/88,49,49,50,51,52,53,54,54,52,53,54,58,61,61,62,63,62,60,57,55,55,54,52,50
09/24/88,49,49,49,45,44,45,46,47,49,49,51,52,52,50,50,49,50,50,50,50,50,49,50,50
09/25/88,50,51,55,54,56,56,56,56,56,56,56,57,59,57,58,58,59,58,55,54,55,54,54,52
09/26/88,53,54,54,54,54,54,53,54,55,57,58,60,61,58,56,58,58,56,55,55,55,55,55,54
09/27/88,54,54,54,54,53,52,51,52,53,56,59,61,64,63,60,64,63,61,58,56,54,53,53,53
09/28/88,53,52,52,52,52,51,51,52,53,56,62,66,67,69,69,70,70,68,64,64,65,63,59,56
09/29/88,53,52,50,51,48,48,49,51,56,59,62,66,70,73,75,74,74,71,65,62,60,63,63,62
09/30/88,61,60,59,58,55,55,54,56,58,61,65,69,70,72,73,74,72,71,67,65,63,61,60,59
10/01/88,58,57,57,56,55,54,54,55,58,60,64,69,72,76,77,78,78,75,68,64,61,60,59,57
10/02/88,56,53,56,57,58,55,56,53,56,60,62,65,67,67,71,70,69,66,63,60,57,54,53,53
10/03/88,52,52,52,52,53,54,55,55,55,55,56,57,57,58,57,57,57,56,56,56,56,56,56,55
10/04/88,55,55,55,55,55,55,55,54,54,55,56,58,59,61,63,66,65,64,63,62,61,60,58,58
10/05/88,57,57,57,57,57,57,56,56,57,58,59,59,60,60,61,62,63,62,61,58,56,54,52,53
10/06/88,55,55,55,55,55,55,55,55,56,57,58,61,61,62,63,62,62,61,59,59,58,59,58,58
10/07/88,57,57,57,55,53,53,53,53,54,54,55,56,55,56,57,57,58,57,56,56,56,55,55,55
10/08/88,54,54,54,53,54,54,54,54,54,55,56,56,58,57,58,58,57,56,55,55,55,54,54,54
10/09/88,54,54,54,54,54,54,54,53,53,54,56,57,61,62,65,66,64,63,59,56,55,55,55,55
10/10/88,53,52,51,48,50,50,50,50,51,52,55,62,67,70,73,73,71,67,63,61,58,54,54,54
10/11/88,55,55,54,55,55,55,56,56,56,57,57,58,60,60,60,59,59,59,58,58,58,57,57,57
10/12/88,56,56,55,55,55,55,54,54,56,57,58,59,60,60,59,59,59,57,56,56,55,54,57,57
10/13/88,57,57,55,55,55,56,55,57,56,57,59,59,59,59,60,60,60,59,58,57,57,57,56,56
10/14/88,56,56,56,56,56,57,56,55,55,56,58,58,57,56,57,57,56,56,56,56,56,56,57,57
10/15/88,57,57,57,57,57,58,57,57,58,58,58,59,60,61,60,60,60,58,57,57,58,59,59,58
10/16/88,58,58,58,57,58,58,58,54,53,53,52,52,52,52,52,52,52,52,53,53,53,52,52,51
10/17/88,50,49,48,48,47,47,45,46,47,48,49,51,54,56,57,57,56,52,47,50,48,49,46,46
10/18/88,47,48,47,48,47,47,48,48,47,48,49,49,51,51,51,51,51,51,51,51,51,51,51,53
10/19/88,53,53,53,53,54,53,54,54,55,56,58,59,60,64,65,63,62,61,58,57,56,56,56,55
10/20/88,52,54,55,55,55,54,56,56,57,57,61,62,64,63,64,63,62,56,54,54,54,54,54,53
10/21/88,53,53,53,53,53,53,53,53,53,53,55,56,57,57,59,56,56,56,55,55,54,54,54,53
10/22/88,53,53,52,51,49,50,51,50,50,52,53,55,58,55,57,57,56,54,51,50,48,50,49,44
10/23/88,46,45,44,44,43,43,43,43,46,49,51,55,58,59,59,60,59,56,52,52,50,53,52,50
10/24/88,49,49,50,50,51,50,51,51,52,56,57,59,59,58,58,60,57,56,53,52,50,50,48,46
10/25/88,48,48,49,50,50,50,48,48,49,49,50,50,50,51,52,54,54,51,49,49,50,50,50,49
10/26/88,50,50,50,50,50,50,50,50,50,51,51,51,51,53,53,54,53,48,45,48,47,47,45,44
10/27/88,43,41,42,40,39,39,40,39,40,43,47,51,51,51,52,52,51,49,46,45,45,45,44,43
10/28/88,42,42,41,40,38,39,37,37,38,39,44,48,54,54,55,56,55,51,45,47,47,46,46,46
10/29/88,45,45,46,47,47,46,46,46,48,50,55,58,58,58,58,58,57,55,56,55,54,54,52,52
10/30/88,51,51,49,50,50,52,52,52,53,54,55,55,56,57,58,58,57,57,57,57,57,57,54,54
10/31/88,56,55,52,51,49,51,50,51,51,54,60,64,64,64,63,61,57,54,53,53,53,53,53,54
11/01/88,55,54,53,53,52,52,52,53,55,57,56,56,57,58,58,55,54,53,50,49,51,51,50,49
11/02/88,50,49,50,50,49,49,50,49,49,49,51,52,53,54,55,55,54,55,54,54,54,51,50,52
11/03/88,52,52,51,51,50,50,58,49,52,53,54,49,51,50,50,49,49,48,48,48,47,47,47,46
11/04/88,47,46,47,47,49,49,47,48,49,52,53,53,54,55,54,54,53,53,53,53,52,51,51,50
11/05/88,50,51,50,50,50,50,51,51,53,56,59,61,58,58,56,56,53,52,51,51,50,50,49,50
11/06/88,49,50,49,48,48,47,47,46,47,48,49,50,51,50,51,50,47,47,44,44,43,43,42,42
11/07/88,42,42,42,43,41,43,43,44,44,46,49,50,49,52,50,48,45,46,47,44,44,46,47,44
11/08/88,44,44,44,43,43,44,45,45,46,47,47,48,53,49,48,50,46,45,43,43,42,41,42,44
11/09/88,43,42,40,42,42,41,42,42,45,49,51,53,53,52,51,50,50,50,48,47,46,46,46,46
11/10/88,46,45,46,45,45,45,46,47,48,48,49,49,47,46,47,48,47,47,46,44,44,44,44,42
11/11/88,51,42,41,41,40,40,40,40,46,46,48,49,51,50,51,50,50,50,50,50,47,46,45,47
11/12/88,47,47,47,46,46,46,46,44,45,46,45,48,49,50,48,47,46,44,43,42,43,43,44,41
11/13/88,43,41,40,41,41,39,39,40,41,44,46,48,51,53,53,52,47,43,43,43,43,43,42,41
11/14/88,40,40,38,38,37,36,36,36,38,40,44,47,48,49,49,47,47,45,45,45,46,45,45,45
11/15/88,44,43,44,43,43,43,44,45,44,46,47,48,48,48,47,46,46,46,46,46,45,45,45,45
11/16/88,45,45,46,45,46,45,46,46,46,45,46,46,46,46,47,46,46,46,45,45,45,45,45,44
11/17/88,44,43,43,43,43,43,43,42,42,42,44,43,43,44,44,44,42,42,41,41,41,41,40,40
11/18/88,37,36,36,36,36,37,38,39,40,41,43,45,46,47,47,47,46,46,46,44,45,44,44,46
11/19/88,45,45,44,44,45,44,44,43,43,43,44,45,46,47,47,47,45,45,46,45,45,45,45,46
11/20/88,45,46,46,46,46,46,46,46,47,48,50,51,52,50,50,49,48,48,47,47,47,46,47,47
11/21/88,47,47,46,45,44,44,45,46,47,48,49,49,49,49,48,48,47,46,45,45,45,45,45,44
11/22/88,46,45,46,44,45,44,45,49,50,49,51,51,49,48,48,47,46,45,45,43,42,43,42,42
11/23/88,42,41,41,40,40,39,38,39,40,42,43,44,45,47,46,43,41,41,42,41,40,40,40,38
11/24/88,38,38,37,37,37,38,38,38,38,36,36,38,40,41,41,41,41,40,39,38,38,38,39,39
11/25/88,40,40,40,40,40,39,38,37,39,40,42,44,43,44,43,40,40,41,42,42,42,41,39,38
11/26/88,36,35,35,36,34,35,35,35,36,38,40,43,45,42,43,42,42,41,43,42,42,41,41,41
11/27/88,41,41,41,42,41,40,40,42,43,45,47,47,48,48,48,48,47,47,47,46,46,46,45,45
11/28/88,45,44,44,42,39,39,40,41,42,44,44,45,45,45,45,45,45,44,44,44,43,42,42,42
11/29/88,43,44,43,44,44,44,44,44,45,46,48,48,49,49,49,47,46,46,45,44,43,41,39,39
11/30/88,36,35,34,35,32,32,35,34,35,37,41,41,44,41,44,41,40,41,42,38,39,42,41,41
12/01/88,37,36,35,36,37,37,36,39,42,46,49,46,47,45,49,43,44,46,45,46,46,46,47,48
12/02/88,48,48,46,45,44,44,44,43,44,44,44,45,46,46,45,44,43,42,40,42,41,40,39,40
12/03/88,39,39,39,39,38,38,39,39,37,38,40,41,42,46,50,49,48,48,44,44,43,43,45,44
12/04/88,49,47,44,37,36,38,39,41,40,43,46,50,50,51,54,52,51,51,50,51,48,49,47,46
12/05/88,45,46,45,44,44,44,45,45,45,45,45,46,49,51,50,50,50,52,52,52,49,51,51,50
12/06/88,49,48,48,49,51,51,51,51,51,51,51,52,52,50,51,51,50,50,50,50,49,49,49,48
12/07/88,48,49,48,48,48,47,47,47,47,49,50,49,51,53,50,50,49,49,49,47,45,46,46,45
12/08/88,47,45,46,45,45,46,46,46,46,47,47,47,47,48,48,48,48,47,47,48,48,48,48,48
12/09/88,48,47,47,47,47,47,47,47,48,49,50,50,51,50,50,49,49,49,49,50,48,46,48,48
12/10/88,47,47,46,46,45,41,41,43,45,49,47,50,51,51,51,48,44,44,44,46,47,47,46,46
12/11/88,46,47,46,46,46,46,45,44,45,45,46,46,46,47,47,47,48,48,48,48,49,49,49,50
12/12/88,50,50,50,49,49,49,50,50,50,51,51,51,51,53,54,55,56,56,54,53,52,50,49,49
12/13/88,47,46,46,45,45,44,44,43,44,45,46,47,46,45,42,42,42,42,41,40,39,39,37,37
12/14/88,38,38,37,37,35,36,35,36,38,40,41,41,43,43,43,41,37,38,38,37,37,36,36,35
12/15/88,34,32,33,32,31,32,32,31,34,37,40,41,43,43,42,40,37,37,36,35,34,35,34,35
12/16/88,34,34,34,34,32,32,34,32,36,38,43,45,47,48,48,46,40,39,39,39,35,35,36,33
12/17/88,33,32,32,31,31,33,31,29,32,33,37,38,38,37,36,37,35,32,30,34,34,34,37,38
12/18/88,35,37,34,35,34,35,35,34,37,41,41,44,43,42,41,42,43,42,42,42,42,42,42,41
12/19/88,41,40,41,41,39,39,40,39,40,40,41,41,41,41,42,41,42,41,41,40,40,40,40,40
12/20/88,41,40,40,39,39,39,39,40,40,40,41,42,41,41,42,42,42,41,41,41,41,40,39,37
12/21/88,37,38,39,38,37,37,38,39,40,40,41,43,44,44,42,40,40,39,39,38,38,37,37,38
12/22/88,37,38,38,37,38,39,40,40,39,40,41,37,39,40,41,41,40,38,38,38,38,38,37,38
12/23/88,37,38,38,38,38,37,38,38,39,40,40,39,42,41,41,41,40,39,38,39,39,38,37,38
12/24/88,38,38,37,38,38,38,38,38,37,38,39,40,40,41,41,40,40,39,39,39,38,37,37,36
12/25/88,35,36,36,36,36,34,34,34,35,36,39,41,42,43,41,40,39,39,38,37,37,34,32,31
12/26/88,31,31,30,30,29,31,31,29,30,32,33,36,36,37,37,38,37,37,36,36,35,36,35,35
12/27/88,36,36,36,33,33,35,33,34,36,38,40,41,43,42,42,41,40,39,39,38,38,35,35,32
12/28/88,33,33,32,30,30,30,29,29,30,32,33,34,36,36,37,37,36,36,37,36,36,38,38,38
12/29/88,38,39,38,37,39,43,44,44,44,43,43,43,43,43,43,44,45,46,47,48,48,49,49,50
12/30/88,50,50,49,45,45,45,46,44,44,44,45,44,42,43,42,42,42,40,41,41,41,40,41,40
12/31/88,40,40,41,41,41,40,40,40,40,40,41,41,43,42,42,40,40,40,39,39,38,40,39,40
01/01/89,40,39,40,40,39,39,39,40,40,42,43,43,43,44,43,43,42,41,41,41,41,41,41,40
01/02/89,40,40,41,41,41,41,41,42,42,42,42,42,43,44,45,45,45,45,45,45,45,46,46,47
01/03/89,48,48,49,49,49,49,49,49,49,51,52,53,53,53,52,51,50,50,50,48,47,46,45,45
01/04/89,45,44,44,44,44,43,43,42,42,43,44,44,45,45,44,43,41,40,39,39,39,38,39,39
01/05/89,39,38,37,37,37,38,38,37,37,39,39,39,37,36,36,36,36,35,35,35,35,35,35,34
01/06/89,34,35,36,35,35,35,34,34,35,35,35,37,37,37,37,37,36,36,34,33,33,32,33,32
01/07/89,31,31,31,29,29,30,28,31,31,31,34,35,35,35,35,35,34,33,32,32,33,32,32,32
01/08/89,31,31,32,32,33,33,33,34,34,34,35,35,37,37,38,39,42,42,42,43,44,45,47,47
01/09/89,47,46,46,45,45,45,44,43,41,42,42,41,42,41,42,42,42,42,42,42,42,42,40,40
01/10/89,39,39,38,38,35,35,37,37,39,40,40,42,45,43,44,43,41,40,39,39,37,38,37,35
01/11/89,37,35,36,34,35,37,39,40,40,42,42,43,45,46,46,44,43,44,44,44,43,43,43,43
01/12/89,43,43,44,44,43,43,43,43,43,45,45,44,45,45,45,45,45,44,44,44,44,43,42,42
01/13/89,41,41,41,41,40,39,39,38,39,40,42,40,39,39,36,36,36,36,36,35,35,35,35,35
01/14/89,35,35,35,34,34,35,35,35,36,36,37,37,37,37,38,38,38,38,38,38,39,39,39,39
01/15/89,40,40,42,42,42,43,42,42,41,42,42,42,44,44,44,44,44,44,44,44,45,45,45,46
01/16/89,45,46,46,45,45,45,46,45,46,46,47,48,47,47,48,48,47,47,47,47,47,47,47,45
01/17/89,44,45,44,44,44,44,43,43,43,44,44,44,45,45,44,44,43,43,43,43,45,47,48,49
01/18/89,48,47,47,48,47,47,48,47,47,47,47,47,47,47,47,47,45,45,44,45,42,43,41,38
01/19/89,37,38,36,37,35,37,38,37,35,39,42,44,45,48,49,47,42,40,40,40,39,35,35,37
01/20/89,36,35,35,34,36,36,38,39,40,41,44,44,45,46,44,44,44,44,45,45,44,44,44,44
01/21/89,44,44,44,43,43,42,43,43,41,42,42,43,44,45,44,43,41,40,37,38,38,36,37,37
01/22/89,38,36,35,35,34,34,34,34,36,34,35,38,37,37,38,37,36,34,33,33,34,32,32,30
01/23/89,31,28,29,28,28,27,26,27,30,31,33,35,36,37,37,37,34,33,35,35,34,34,31,32
01/24/89,34,34,34,34,33,34,34,34,35,35,35,36,36,37,37,37,37,37,37,37,37,37,37,37
01/25/89,37,36,37,37,37,38,38,38,39,41,43,48,48,48,49,47,45,42,41,39,40,41,38,37
01/26/89,37,37,35,33,33,33,31,30,32,35,37,40,46,48,50,49,47,44,46,46,43,43,43,43
01/27/89,43,42,42,42,42,41,42,41,41,42,44,47,46,47,48,45,43,42,41,42,42,40,42,41
01/28/89,38,40,39,38,37,38,38,38,38,38,42,45,44,45,46,46,46,46,45,45,45,45,45,45
01/29/89,45,45,44,44,43,44,45,45,46,47,49,50,50,50,50,50,51,51,51,51,51,51,51,51
01/30/89,51,50,51,50,50,51,51,51,52,52,52,51,49,50,50,50,48,48,47,44,42,42,41,39
01/31/89,38,38,37,34,35,35,36,35,36,36,36,37,34,36,37,36,35,34,34,33,33,33,33,32
02/01/89,30,26,24,23,21,20,18,18,17,17,16,17,19,19,18,17,17,17,17,18,17,17,16,16
02/02/89,15,15,14,14,13,13,13,12,12,14,15,16,16,17,17,15,14,13,12,11,11,12,12,12
02/03/89,11,12,11,11,11,10,10,10,12,13,15,17,18,19,19,19,16,14,15,15,15,14,13,10
02/04/89, 7,14,14,13,13,13,12,13,16,19,23,25,27,29,29,29,28,27,26,25,22,19,25,24
02/05/89,23,21,19,19,20,18,17,16,19,25,30,29,31,34,34,33,31,29,30,30,29,30,29,24
02/06/89,25,24,23,24,22,19,23,21,24,27,31,35,37,38,40,37,36,34,33,32,31,30,29,27
02/07/89,27,25,26,27,24,25,23,25,27,32,37,40,42,41,42,41,37,34,33,35,35,34,34,33
02/08/89,34,33,34,33,32,32,31,31,37,40,43,46,47,48,48,47,45,42,41,40,39,38,38,35
02/09/89,33,30,29,30,31,33,31,31,36,40,43,46,48,50,51,49,44,37,41,39,39,39,38,34
02/10/89,31,32,31,32,30,31,32,32,35,39,43,45,49,48,48,49,46,41,39,38,40,38,37,36
02/11/89,36,36,35,35,33,33,34,34,37,40,42,44,46,49,49,47,47,42,39,40,40,38,37,34
02/12/89,34,36,34,35,35,34,36,35,38,38,38,40,41,41,40,39,38,37,37,38,37,37,35,36
02/13/89,36,36,36,35,35,34,36,35,35,37,39,40,40,40,40,39,38,37,34,35,35,33,33,33
02/14/89,31,30,30,28,27,28,28,29,31,34,39,40,42,43,44,43,39,34,34,34,36,35,33,31
02/15/89,33,32,31,30,26,27,29,30,34,37,40,43,44,46,47,46,44,40,41,40,39,38,38,36
02/16/89,36,36,36,36,36,36,37,37,38,38,39,40,40,40,39,40,39,39,39,38,39,38,38,38
02/17/89,38,38,38,37,38,38,38,38,39,40,41,42,43,42,43,40,39,38,38,38,37,37,37,37
02/18/89,37,37,37,37,37,37,38,39,39,40,42,44,45,48,49,48,47,46,44,44,44,44,42,42
02/19/89,41,40,39,40,41,41,41,40,41,42,45,46,47,46,45,44,44,43,42,42,42,42,42,41
02/20/89,41,41,40,41,40,41,41,42,42,43,45,48,49,50,51,51,50,48,48,48,46,46,44,43
02/21/89,42,42,40,38,41,39,39,45,45,45,44,46,49,49,50,50,47,47,47,47,46,46,45,46
02/22/89,47,47,47,46,47,48,50,50,46,48,47,49,49,50,50,50,49,47,47,46,44,43,42,44
02/23/89,43,43,44,44,44,42,43,43,44,47,49,49,51,50,46,45,42,41,40,38,39,38,38,37
02/24/89,37,37,34,36,33,32,32,36,37,38,40,43,46,48,50,47,47,45,44,42,40,39,40,40
02/25/89,40,40,40,39,39,39,40,40,41,40,40,42,41,45,45,46,45,41,38,36,37,38,38,36
02/26/89,37,36,33,32,34,35,34,35,37,40,41,41,41,42,42,42,43,40,38,37,37,37,37,37
02/27/89,37,37,36,37,37,37,37,37,38,40,40,41,41,41,40,41,41,41,41,41,41,41,41,41
02/28/89,40,40,40,40,40,40,40,40,41,42,44,45,47,45,47,46,46,43,42,41,38,38,37,37
03/01/89,35,34,34,34,32,32,32,31,30,30,30,31,30,30,30,30,29,30,30,30,30,29,29,30
03/02/89,28,28,28,28,28,28,28,28,29,29,30,29,29,30,31,32,32,28,29,28,28,26,25,23
03/03/89,23,23,22,21,21,21,22,23,25,28,33,35,36,37,37,37,37,35,34,34,34,33,33,32
03/04/89,32,31,32,32,32,32,33,34,35,37,38,40,40,41,41,41,41,40,39,37,37,38,37,40
03/05/89,40,40,37,39,38,39,39,40,40,42,45,46,47,45,43,42,43,45,49,49,48,47,46,45
03/06/89,45,45,45,44,43,44,42,43,47,46,46,48,42,46,48,49,48,45,44,42,41,42,35,37
03/07/89,38,37,35,35,35,35,36,37,39,41,43,48,49,48,49,45,45,45,44,43,42,42,43,41
03/08/89,43,43,43,41,39,42,41,41,47,47,51,54,54,54,56,57,53,49,45,45,46,48,45,46
03/09/89,45,44,43,43,42,43,42,45,44,45,46,49,51,50,56,52,56,56,57,55,50,49,49,50
03/10/89,50,50,50,50,50,47,47,47,48,49,51,53,54,53,51,51,50,51,50,49,48,48,48,53
03/11/89,58,53,49,50,49,49,50,49,51,52,55,54,47,45,45,46,47,47,47,47,48,47,46,47
03/12/89,46,44,44,42,42,42,42,43,44,46,47,49,52,53,45,44,44,43,42,42,41,42,41,41
03/13/89,41,41,42,41,41,41,41,41,41,42,45,47,44,46,46,40,42,39,40,40,40,40,40,40
03/14/89,40,40,40,40,40,40,39,40,41,41,43,44,45,47,47,45,45,44,43,41,40,41,41,40
03/15/89,39,39,37,38,37,36,36,40,41,42,45,45,48,48,47,48,47,46,47,46,45,45,44,43
03/16/89,41,42,42,42,42,42,42,42,43,43,45,45,46,46,46,46,46,46,43,40,41,41,40,39
03/17/89,38,40,39,39,40,40,41,42,43,43,47,48,48,50,50,50,48,46,45,45,45,46,45,46
03/18/89,48,48,44,45,43,42,42,43,47,49,47,48,45,45,48,43,43,44,43,43,43,43,43,42
03/19/89,42,42,41,42,41,41,41,42,43,45,47,46,49,49,51,51,52,49,44,43,41,44,42,41
03/20/89,39,38,38,36,36,33,33,36,43,48,50,56,58,61,61,58,55,52,48,48,47,47,47,47
03/21/89,47,47,47,47,48,47,45,47,49,46,48,47,45,44,48,45,45,45,44,43,42,42,41,41
03/22/89,41,41,41,41,41,41,41,41,42,43,46,48,49,51,49,49,48,46,43,42,42,40,37,38
03/23/89,38,40,37,39,38,37,40,41,44,47,47,50,52,53,54,54,52,49,47,46,45,44,40,41
03/24/89,38,39,40,41,41,40,42,45,46,50,53,49,48,49,47,48,47,48,46,46,46,46,46,46
03/25/89,46,46,46,45,45,44,44,45,45,47,47,48,48,48,48,47,47,47,46,46,45,45,45,45
03/26/89,44,44,44,44,44,44,44,45,46,47,48,50,50,50,50,47,46,45,43,43,43,43,43,42
03/27/89,42,43,43,44,44,44,44,44,45,46,46,47,50,50,49,47,46,45,45,44,43,43,42,41
03/28/89,41,41,41,41,41,41,41,41,42,44,46,48,50,49,44,45,44,43,43,42,42,41,41,41
03/29/89,40,41,40,41,40,39,40,42,44,46,49,49,50,51,51,51,51,49,46,44,43,43,42,40
03/30/89,40,40,39,38,39,39,42,43,44,50,48,49,47,45,46,45,46,46,45,44,44,44,44,43
03/31/89,43,42,42,41,40,41,41,41,43,45,45,48,49,42,47,47,46,43,43,42,42,42,42,41
04/01/89,41,40,40,39,40,40,40,40,41,43,44,46,46,49,49,46,48,46,44,42,42,41,40,40
04/02/89,40,40, 0,39,37,38,38,36,40,40,42,42,45,45,45,43,42,42,43,41,42,41,41,40
04/03/89,41,39,39,39,40,40,39,39,42,46,45,49,50,50,51,51,40,46,44,44,43,43,43,42
04/04/89,43,43,42,43,43,43,43,43,44,45,47,48,49,48,49,49,49,47,47,47,47,47,47,48
04/05/89,50,51,52,52,51,51,51,51,51,51,51,51,50,50,50,50,50,50,49,49,48,49,49,49
04/06/89,48,48,47,47,47,47,47,49,50,50,53,57,56,56,57,53,53,54,53,52,51,51,50,50
04/07/89,49,48,47,46,46,46,47,46,47,48,49,52,56,57,57,58,57,56,55,50,49,50,50,49
04/08/89,47,46,45,40,43,38,41,43,47,50,54,56,57,58,60,61,61,58,56,51,49,47,47,44
04/09/89,45,46,44,45,45,44,43,45,49,56,59,65,67,68,68,67,67,65,63,62,61,61,60,59
04/10/89,59,58,58,57,56,50,53,55,60,62,66,67,68,68,71,70,72,71,65,61,58,53,52,50
04/11/89,49,47,46,46,46,44,43,45,45,45,47,53,60,64,65,64,66,66,64,57,54,51,50,53
04/12/89,51,48,47,44,46,45,44,47,51,55,58,61,63,66,67,65,66,65,62,58,55,56,52,54
04/13/89,53,50,49,47,47,44,46,51,55,58,62,65,68,71,69,72,71,69,66,62,58,60,57,59
04/14/89,55,55,52,55,50,50,49,53,56,58,62,65,66,68,70,69,69,70,66,63,62,58,55,53
04/15/89,51,52,51,50,50,49,48,49,51,50,50,50,51,53,58,59,59,58,56,53,50,47,45,42
04/16/89,41,40,40,41,40,40,41,43,44,46,46,47,48,50,50,53,55,53,51,49,48,48,49,47
04/17/89,44,41,44,43,43,42,42,46,49,53,56,57,59,60,62,64,64,64,64,59,56,54,52,52
04/18/89,49,47,46,46,45,45,44,48,50,51,56,57,61,63,64,64,65,66,64,61,59,57,57,55
04/19/89,54,54,54,54,54,52,52,53,54,56,59,62,59,63,65,66,65,63,63,61,61,58,56,57
04/20/89,56,55,55,53,54,53,53,54,56,62,57,53,51,50,52,52,51,50,51,51,48,48,48,47
04/21/89,46,43,45,45,44,44,45,46,49,50,52,55,56,57,58,59,59,56,54,51,50,50,48,47
04/22/89,46,44,42,42,45,45,45,48,51,53,52,55,53,57,57,59,57,55,50,49,46,45,45,45
04/23/89,45,45,44,43,42,43,43,47,48,50,53,54,57,59,60,61,61,61,59,55,53,54,54,52
04/24/89,49,48,45,47,44,44,48,50,50,52,55,57,62,64,64,65,65,65,64,62,59,59,58,56
04/25/89,55,53,53,52,51,48,50,53,54,60,62,64,62,62,62,61,63,63,61,60,57,57,55,51
04/26/89,51,50,49,48,49,48,48,50,50,52,55,54,56,58,60,59,57,56,56,53,52,51,50,50
04/27/89,49,48,47,46,45,46,47,49,52,52,53,58,57,57,63,62,63,62,61,57,55,51,53,50
04/28/89,51,51,49,48,48,48,49,51,54,57,60,62,64,67,69,69,69,68,67,64,62,60,59,53
04/29/89,55,53,53,53,57,57,60,61,63,66,68,72,73,74,76,76,77,75,74,72,69,67,66,66
04/30/89,64,64,57,61,50,50,57,60,66,66,71,75,76,78,80,79,80,80,72,66,59,57,56,55
05/01/89,49,55,55,55,54,54,54,54,54,54,54,56,58,60,59,58,58,58,58,57,57,56,54,53
05/02/89,51,50,48,48,50,50,51,51,52,53,55,59,59,63,62,64,65,63,62,58,55,54,56,54
05/03/89,51,49,50,49,46,47,48,50,54,56,60,65,65,68,69,70,71,71,70,67,65,63,58,54
05/04/89,52,52,51,52,52,51,53,56,59,63,67,68,70,72,75,76,75,74,73,72,67,64,66,61
05/05/89,62,59,57,57,56,55,57,57,60,60,64,66,72,74,76,76,77,73,74,69,65,66,64,62
05/06/89,58,57,59,54,56,55,58,60,64,67,69,70,73,75,75,75,71,68,67,66,63,63,62,62
05/07/89,60,60,56,58,56,57,56,58,64,61,64,67,67,69,70,71,72,71,70,66,62,58,57,57
05/08/89,56,53,51,50,48,49,50,49,52,53,56,56,56,58,62,64,66,67,65,61,58,59,57,55
05/09/89,54,50,51,52,52,52,52,52,53,53,54,55,58,56,54,53,51,52,53,50,50,49,49,50
05/10/89,48,48,47,46,45,46,46,47,48,51,56,58,59,56,57,55,57,54,53,52,50,46,44,44
05/11/89,44,42,41,40,40,41,42,46,49,50,54,56,58,58,61,58,57,57,54,53,51,51,53,49
05/12/89,49,48,48,47,46,46,45,49,51,55,53,58,59,58,59,62,63,62,61,58,54,51,49,51
05/13/89,50,48,47,48,47,42,46,51,53,57,60,62,64,67,67,68,69,68,64,63,60,56,58,56
05/14/89,55,54,51,52,50,47,51,54,58,62,66,69,70,72,73,74,74,73,72,68,61,63,62,59
05/15/89,58,55,50,52,50,50,53,56,59,63,66,69,72,73,74,74,75,76,70,68,63,57,55,54
05/16/89,53,53,53,53,53,53,53,53,54,55,57,59,61,64,63,63,59,58,57,55,54,53,52,51
05/17/89,51,51,50,50,49,48,48,48,49,51,52,53,51,50,49,49,49,50,49,46,45,44,45,43
05/18/89,43,43,43,44,44,42,42,43,43,45,47,50,53,54,57,54,56,57,55,52,50,48,48,47
05/19/89,47,46,46,46,47,46,47,47,48,51,55,58,57,57,58,57,58,58,57,56,54,53,51,50
05/20/89,48,48,47,46,46,46,47,48,51,54,57,59,61,62,63,64,64,62,63,57,54,51,50,48
05/21/89,48,45,44,44,44,42,45,47,48,50,53,56,55,57,60,61,61,60,60,58,56,55,53,51
05/22/89,51,51,50,50,49,49,50,51,52,55,55,58,59,61,61,60,60,62,59,58,55,55,53,53
05/23/89,50,48,48,47,47,46,47,48,48,50,53,56,52,58,59,56,51,47,48,48,47,46,45,45
05/24/89,46,46,46,46,46,46,46,48,50,53,53,56,57,59,59,60,61,60,55,54,53,51,51,49
05/25/89,47,48,48,47,47,46,48,51,54,56,58,59,60,61,62,62,59,59,58,56,54,53,51,51
05/26/89,51,50,50,50,50,50,51,51,53,52,55,55,56,54,57,56,56,54,54,53,53,52,52,50
05/27/89,49,46,46,46,46,46,46,46,47,49,50,51,55,57,57,58,58,55,54,52,51,50,50,49
05/28/89,47,47,47,47,47,47,47,47,47,50,50,51,51,51,52,52,51,50,50,49,49,49,49,49
05/29/89,49,49,49,49,49,49,50,50,51,51,51,52,56,59,58,60,61,62,61,60,55,52,52,52
05/30/89,51,51,51,51,51,51,51,52,54,56,59,62,61,62,61,63,63,63,63,62,59,57,57,58
05/31/89,54,55,54,52,53,53,54,55,57,61,65,66,68,69,69,72,72,71,69,67,64,61,62,60
06/01/89,62,60,58,53,53,56,58,62,66,66,69,71,72,76,77,77,78,77,78,75,71,68,67,64
06/02/89,66,65,58,56,58,55,59,62,66,66,71,75,74,77,77,78,79,78,75,72,68,67,66,67
06/03/89,65,63,63,63,62,60,62,64,67,70,72,75,76,78,81,82,82,82,82,80,77,76,75,70
06/04/89,72,69,63,64,61,61,64,69,74,79,80,82,85,86,88,87,87,86,84,83,79,73,72,72
06/05/89,72,60,65,64,61,60,62,66,71,71,75,77,79,81,82,83,83,82,75,70,63,59,57,56
06/06/89,54,53,55,55,54,54,54,55,56,57,59,62,64,65,67,68,68,69,68,66,63,59,56,55
06/07/89,53,50,50,49,50,49,52,54,57,59,63,65,67,69,70,73,75,73,73,72,68,63,58,58
06/08/89,55,54,52,51,52,51,51,52,53,54,55,56,56,60,62,65,67,66,66,65,62,57,55,53
06/09/89,52,52,51,51,50,51,52,52,53,54,55,56,57,59,61,59,60,61,60,59,58,57,56,53
06/10/89,52,51,53,50,48,50,51,53,56,57,62,65,68,70,70,72,73,73,71,68,63,60,60,60
06/11/89,59,59,55,55,55,51,57,61,63,65,69,71,72,77,80,82,83,82,81,76,72,67,66,60
06/12/89,58,55,53,53,52,51,53,54,56,57,62,65,67,68,69,71,72,72,67,64,62,59,58,58
06/13/89,57,57,57,57,57,57,56,58,59,60,65,68,70,72,70,70,71,70,65,63,60,58,58,58
06/14/89,58,58,58,58,58,58,59,60,62,62,61,62,63,64,67,65,62,60,61,62,61,60,58,58
06/15/89,57,55,55,54,54,52,54,54,56,56,61,59,62,62,62,64,64,64,64,60,58,57,57,55
06/16/89,55,54,53,52,52,51,52,53,54,56,56,60,62,64,65,68,65,62,65,64,60,56,55,57
06/17/89,55,54,53,52,52,51,53,56,59,57,59,62,64,64,63,62,62,61,61,61,58,57,56,56
06/18/89,55,55,55,54,54,53,54,56,57,61,63,63,63,66,66,65,65,64,62,60,58,57,56,56
06/19/89,54,54,53,53,52,51,52,56,57,57,62,52,57,53,53,56,53,55,55,54,53,52,50,52
06/20/89,51,50,50,50,50,50,50,51,52,57,59,61,63,65,66,65,65,65,65,64,61,58,56,57
06/21/89,56,55,53,51,51,52,55,57,61,62,65,63,66,67,67,67,68,68,67,66,65,63,62,60
06/22/89,60,59,59,58,58,58,58,60,61,62,63,64,67,69,70,72,72,72,71,70,69,67,66,64
06/23/89,63,61,60,60,59,59,62,65,68,71,73,76,78,80,81,83,83,83,82,80,75,75,70,67
06/24/89,67,67,68,67,65,60,65,69,75,74,76,81,85,86,88,89,89,89,88,85,80,76,77,77
06/25/89,73,69,67,68,65,62,67,68,68,73,73,75,77,79,81,81,81,77,72,65,61,60,60,58
06/26/89,57,57,56,56,56,56,55,56,57,58,58,61,64,66,67,68,67,66,63,62,58,57,56,55
06/27/89,54,53,53,52,52,52,53,53,54,57,59,61,64,63,66,64,64,64,64,63,62,62,60,60
06/28/89,57,55,54,54,54,54,56,56,57,59,61,62,63,66,66,64,63,60,59,61,60,59,59,58
06/29/89,56,57,57,56,56,56,57,58,59,60,61,63,63,60,60,61,61,60,60,60,60,59,57,58
06/30/89,58,57,57,57,57,55,58,57,61,62,63,65,69,62,58,58,62,57,57,57,55,55,55,55
07/01/89,55,55,55,55,54,53,54,54,56,57,57,58,57,60,62,62,59,59,59,60,58,58,55,56
07/02/89,57,56,57,57,56,56,58,58,60,60,62,59,62,60,62,62,62,64,63,62,61,60,59,57
07/03/89,56,55,55,55,55,53,55,54,56,55,57,63,64,64,66,68,67,67,65,63,61,58,58,57
07/04/89,57,57,54,53,51,51,53,54,57,58,60,64,68,67,71,68,70,69,68,67,64,59,57,54
07/05/89,54,53,55,56,54,52,55,57,61,64,66,69,70,71,72,73,73,73,72,68,64,61,61,59
07/06/89,58,57,57,57,55,55,57,60,62,65,69,70,74,75,76,77,78,75,73,69,66,65,66,64
07/07/89,62,60,59,57,53,54,58,61,62,64,66,67,67,70,73,74,74,72,67,65,62,60,58,57
07/08/89,57,57,57,57,57,57,57,57,60,61,61,63,65,64,66,65,64,65,65,64,62,60,59,60
07/09/89,60,59,58,58,58,55,58,61,64,66,65,65,65,70,72,72,72,72,70,68,64,63,60,59
07/10/89,58,58,58,58,57,57,57,58,58,59,60,61,62,62,65,66,66,67,67,66,65,64,61,59
07/11/89,58,59,58,57,56,54,58,60,63,66,69,71,72,74,75,78,78,79,77,76,71,67,65,64
07/12/89,64,63,62,61,60,58,62,65,69,71,75,77,81,80,81,82,81,83,80,75,72,66,64,62
07/13/89,60,58,57,58,56,57,58,58,58,59,64,65,65,68,70,72,73,72,72,71,67,64,63,64
07/14/89,58,58,59,59,59,60,62,62,63,64,66,69,69,72,72,73,72,71,72,71,68,67,64,60
07/15/89,59,59,58,57,57,56,57,59,62,63,64,68,70,69,68,70,68,66,66,64,63,62,62,60
07/16/89,60,60,59,58,57,56,57,58,59,59,59,60,61,60,63,64,63,65,66,63,62,61,60,59
07/17/89,59,59,59,59,59,59,60,61,62,64,64,68,71,71,74,74,75,73,73,72,69,67,66,65
07/18/89,63,62,64,64,61,62,62,65,68,70,72,73,76,75,79,76,78,79,76,73,68,66,66,63
07/19/89,63,64,63,61,61,61,62,63,64,67,69,71,72,72,74,74,76,75,75,70,66,64,65,63
07/20/89,61,60,57,60,57,55,57,58,59,59,62,64,69,69,69,69,68,67,66,64,64,62,59,56
07/21/89,55,56,57,57,54,56,56,56,59,60,63,65,67,72,72,73,73,73,71,69,65,61,62,61
07/22/89,59,58,58,57,57,55,57,59,62,65,68,70,72,75,75,76,77,76,74,72,67,63,65,64
07/23/89,63,59,57,55,53,53,57,60,62,65,66,69,71,73,74,77,77,78,75,72,68,66,64,62
07/24/89,62,59,58,57,53,56,59,62,63,64,67,69,71,72,74,75,77,76,76,75,71,68,69,67
07/25/89,65,60,59,58,56,55,56,57,63,66,69,70,76,80,81,82,82,82,80,77,72,69,70,69
07/26/89,68,67,66,59,56,55,60,61,62,65,69,70,71,71,73,73,74,72,69,67,64,62,61,60
07/27/89,60,60,60,59,58,58,59,61,62,64,64,64,66,69,68,70,69,68,68,67,64,62,60,58
07/28/89,58,57,55,55,55,54,57,57,61,63,66,70,71,73,74,76,76,75,75,72,67,63,65,62
07/29/89,60,62,56,55,54,55,56,57,58,60,63,66,70,73,74,76,75,75,74,71,68,66,64,63
07/30/89,63,60,59,59,59,59,59,60,61,61,63,66,67,70,71,73,71,71,70,70,66,61,60,61
07/31/89,62,61,58,60,58,56,57,60,59,59,61,61,62,63,65,65,66,65,63,61,59,57,58,58
08/01/89,57,56,56,54,53,52,54,58,62,60,67,66,64,65,69,70,70,66,63,62,60,61,60,60
08/02/89,59,57,55,54,55,51,54,58,61,63,64,67,68,70,69,69,68,67,66,64,63,62,61,61
08/03/89,55,60,60,59,59,58,59,60,61,63,65,69,68,70,71,71,73,71,71,69,68,65,65,65
08/04/89,64,63,62,60,58,57,58,58,59,65,65,66,69,73,74,77,77,76,76,73,68,65,65,65
08/05/89,63,62,60,59,57,56,57,59,65,67,68,70,74,75,78,81,82,81,79,75,69,69,67,65
08/06/89,63,62,61,61,61,60,62,65,67,74,74,75,77,79,82,84,83,82,80,78,75,73,71,68
08/07/89,67,67,63,65,61,63,63,66,69,71,74,76,78,79,81,83,83,83,79,76,74,73,70,68
08/08/89,65,66,65,60,59,58,61,66,67,64,64,72,71,76,76,77,81,81,80,78,73,66,64,62
08/09/89,59,58,57,57,56,57,57,59,60,62,64,65,69,70,72,72,73,73,71,68,61,61,58,59
08/10/89,56,57,55,53,53,54,54,55,58,59,61,63,66,67,70,71,73,73,71,67,63,62,63,58
08/11/89,56,56,54,54,55,52,54,56,61,64,66,68,69,71,73,74,74,75,74,71,65,63,61,62
08/12/89,61,60,60,58,57,57,58,59,61,64,65,67,71,74,71,70,72,70,72,71,67,64,64,62
08/13/89,62,61,59,58,59,59,58,61,62,67,70,71,73,75,73,75,76,74,72,70,67,67,65,64
08/14/89,64,60,61,61,60,60,60,61,63,65,64,70,71,72,71,64,62,60,60,60,60,56,58,58
08/15/89,58,59,59,57,55,56,56,57,58,58,60,64,66,68,71,72,70,70,69,68,66,62,58,58
08/16/89,58,58,58,58,58,58,58,59,60,61,61,63,65,65,65,66,66,66,65,65,63,62,60,57
08/17/89,57,58,55,57,55,55,57,58,59,62,66,67,71,75,76,77,76,74,72,69,66,65,66,64
08/18/89,63,63,62,60,61,58,58,63,65,68,69,73,74,76,78,80,81,81,80,74,72,66,65,62
08/19/89,60,59,59,58,58,59,59,59,60,61,63,64,66,67,68,67,68,68,67,67,67,66,64,62
08/20/89,61,61,60,60,60,60,60,60,60,61,62,66,71,72,73,71,69,68,65,63,61,61,61,62
08/21/89,61,61,62,62,62,62,62,62,63,64,65,70,70,71,70,70,70,70,61,62,62,61,60,60
08/22/89,59,59,58,55,56,56,54,56,58,60,62,67,67,70,72,72,70,68,69,66,63,61,61,60
08/23/89,59,61,58,58,58,58,58,58,59,61,61,65,69,71,70,71,71,68,69,68,66,60,60,58
08/24/89,58,56,55,55,54,53,55,55,57,58,60,64,63,65,66,68,67,67,65,64,66,64,60,59
08/25/89,57,56,55,55,55,56,56,57,60,62,64,65,69,72,72,73,74,74,73,69,67,67,65,63
08/26/89,63,62,59,59,56,57,57,59,64,67,70,71,72,75,76,78,78,78,75,71,67,66,65,64
08/27/89,63,59,59,57,57,56,56,56,56,57,57,61,64,70,73,74,72,70,68,67,63,61,59,57
08/28/89,56,57,57,57,57,57,58,58,59,60,60,62,64,66,69,70,71,72,68,64,62,61,60,58
08/29/89,58,58,56,57,57,56,56,56,57,63,66,70,70,72,75,76,76,72,70,67,68,68,61,60
08/30/89,58,56,55,56,56,56,57,56,56,58,59,62,62,63,65,65,68,68,65,62,59,56,59,60
08/31/89,59,59,58,59,58,58,58,59,60,60,62,64,68,66,66,66,66,66,65,63,61,59,56,55
09/01/89,54,56,57,57,56,56,56,57,57,57,58,60,61,67,63,60,62,63,61,60,59,59,58,57
09/02/89,57,57,57,56,56,56,56,57,58,59,60,64,65,67,69,70,70,68,67,66,64,62,61,61
09/03/89,59,57,57,56,53,51,52,54,56,60,63,66,68,70,73,73,73,73,70,65,62,60,58,60
09/04/89,59,57,58,54,52,54,54,55,60,64,66,70,70,73,74,74,73,70,68,66,63,62,60,59
09/05/89,58,57,56,52,53,52,52,54,55,56,62,63,66,69,69,70,71,70,68,63,60,62,60,60
09/06/89,58,58,57,56,56,55,56,57,58,63,65,68,72,72,75,77,76,75,73,67,64,64,64,66
09/07/89,63,60,58,58,56,56,54,57,62,66,70,73,73,77,79,80,79,78,74,68,69,71,69,67
09/08/89,65,62,64,60,58,57,59,62,66,68,70,75,79,82,82,82,81,80,78,73,73,72,72,70
09/09/89,69,68,68,68,67,65,66,69,72,74,77,79,80,82,83,81,80,77,74,67,65,63,68,64
09/10/89,65,63,59,56,57,54,56,59,63,68,70,73,75,79,80,79,79,77,73,67,66,69,69,69
09/11/89,67,64,62,59,57,57,57,59,65,68,73,73,79,80,81,82,81,79,75,68,68,70,69,65
09/12/89,65,59,57,58,56,54,53,57,63,68,74,73,77,78,80,82,83,76,75,69,67,71,64,64
09/13/89,60,60,58,59,56,54,55,60,65,69,73,76,79,82,84,84,84,82,77,73,74,66,63,63
09/14/89,67,67,61,58,55,55,57,58,63,67,73,75,76,79,80,82,82,80,76,72,70,67,61,59
09/15/89,59,58,58,55,53,53,51,53,54,56,61,64,68,71,73,75,76,75,71,66,60,58,57,54
09/16/89,53,51,51,52,52,52,51,52,51,52,53,54,56,57,57,60,60,60,59,57,57,58,57,56
09/17/89,55,55,55,54,54,52,53,53,55,56,60,62,65,65,65,66,65,63,59,56,54,53,55,55
09/18/89,55,52,52,51,49,49,50,49,52,56,60,62,65,67,67,68,69,69,66,62,58,57,57,54
09/19/89,53,52,51,50,50,48,49,49,53,57,60,63,65,66,68,69,68,67,64,60,61,60,54,54
09/20/89,54,55,52,53,53,52,51,52,54,59,63,66,69,72,73,74,73,71,66,62,60,59,59,60
09/21/89,59,59,58,54,56,55,54,57,60,65,69,73,75,76,78,79,78,76,71,67,68,66,65,65
09/22/89,62,58,58,54,55,55,55,57,62,69,72,76,77,87,89,91,90,86,77,70,68,67,65,67
09/23/89,63,61,58,58,55,57,56,60,63,66,69,75,78,80,81,79,81,79,73,69,68,69,64,61
09/24/89,60,59,57,58,56,57,57,60,63,66,69,73,76,78,79,82,79,77,72,69,67,68,65,61
09/25/89,57,57,56,54,54,52,52,54,55,56,56,58,59,59,59,60,61,61,61,61,60,59,59,59
09/26/89,58,58,58,58,57,58,56,57,57,60,62,63,62,61,60,60,59,59,58,58,59,59,59,59
09/27/89,59,59,59,58,57,55,58,58,59,62,62,63,63,64,68,68,68,67,63,62,60,60,58,56
09/28/89,56,55,55,57,58,57,57,57,57,58,62,65,69,72,73,74,74,72,65,62,62,61,60,59
09/29/89,60,57,55,55,55,54,54,54,56,62,64,67,67,69,69,67,68,60,60,59,59,59,59,60
09/30/89,59,59,59,58,58,58,58,58,58,58,58,57,57,61,63,62,61,62,59,58,57,57,56,55
10/01/89,56,56,56,56,56,55,54,55,55,56,60,63,61,61,64,65,64,61,57,56,56,57,55,55
10/02/89,54,53,52,51,51,51,50,51,54,57,59,62,65,65,67,67,66,63,58,58,57,58,57,53
10/03/89,50,50,49,47,46,45,45,46,50,54,57,61,64,68,67,67,67,66,60,57,57,54,52,51
10/04/89,49,47,47,45,46,45,46,47,48,50,52,53,54,56,58,58,58,59,58,57,55,56,56,56
10/05/89,55,54,55,54,54,54,53,54,56,60,59,61,61,64,63,63,65,62,60,58,58,57,54,54
10/06/89,53,53,53,53,53,53,53,53,53,54,55,57,60,60,61,59,58,60,65,54,54,54,53,51
10/07/89,50,51,49,50,52,52,53,53,53,53,54,54,55,56,58,58,59,58,58,57,57,56,58,52
10/08/89,54,53,50,51,51,52,53,53,54,56,58,59,62,64,65,67,68,65,61,59,57,59,54,53
10/09/89,53,55,53,50,51,47,49,49,50,52,52,57,67,70,70,71,70,69,64,62,60,59,60,58
10/10/89,58,59,56,57,58,59,59,59,59,53,52,52,52,53,53,55,56,55,54,52,52,51,50,51
10/11/89,52,52,52,51,51,52,52,54,52,54,55,57,60,60,60,59,59,58,57,57,55,54,54,53
10/12/89,53,52,52,53,53,54,54,54,54,55,55,56,57,57,59,59,58,57,56,56,53,52,54,52
10/13/89,53,52,52,52,51,52,52,53,52,53,54,56,57,59,61,60,61,57,54,54,51,51,51,51
10/14/89,51,50,51,50,50,48,47,47,48,49,52,56,57,57,58,58,57,53,49,47,49,49,44,46
10/15/89,45,44,44,42,42,42,40,42,41,44,50,52,53,56,56,58,56,53,48,46,46,46,44,46
10/16/89,46,43,44,42,42,40,41,39,45,46,47,53,55,59,59,61,61,58,55,53,52,55,53,52
10/17/89,52,51,49,50,49,49,46,46,52,58,61,64,70,73,71,72,72,71,68,65,62,60,62,57
10/18/89,59,57,58,54,57,58,58,54,51,51,50,52,54,57,58,60,60,59,53,52,51,53,53,52
10/19/89,52,49,51,50,50,47,45,43,47,49,49,54,56,60,60,59,58,55,54,54,54,54,55,55
10/20/89,54,52,50,50,49,50,50,50,51,55,57,60,62,61,56,55,55,54,53,53,52,53,52,52
10/21/89,52,52,52,52,51,51,53,53,54,55,56,57,57,56,55,56,55,54,51,50,49,49,49,48
10/22/89,50,50,50,52,53,51,51,49,49,50,52,52,54,55,57,60,60,59,59,58,57,59,60,59
10/23/89,59,59,57,57,55,56,56,58,58,57,55,55,54,54,53,53,50,51,50,50,50,50,50,50
10/24/89,48,49,49,47,47,47,48,48,48,51,51,53,56,56,58,58,56,55,54,53,54,52,51,50
10/25/89,50,50,49,49,49,48,48,48,48,52,52,53,55,56,56,55,54,53,52,51,50,52,51,50
10/26/89,49,50,50,50,49,49,49,49,49,49,48,49,49,48,47,48,50,50,48,47,46,42,44,42
10/27/89,45,46,45,45,44,44,43,44,45,46,46,47,48,50,53,52,50,49,48,48,48,47,46,46
10/28/89,44,43,43,43,43,43,43,44,42,45,49,48,51,51,53,51,50,47,46,43,43,45,44,43
10/29/89,42,41,39,38,40,40,40,40,40,41,44,48,48,49,50,48,45,43,43,42,41,42,42,41
10/30/89,40,38,37,36,36,37,37,38,39,41,42,44,47,45,45,45,45,46,47,47,46,45,46,44
10/31/89,46,45,46,46,43,45,44,44,46,45,48,50,52,54,54,52,48,46,46,45,43,44,43,42
11/01/89,41,41,40,40,38,37,38,40,43,47,50,53,55,56,56,54,48,45,44,45,45,41,42,43
11/02/89,39,39,36,37,36,38,38,40,40,41,44,47,48,48,48,48,47,46,47,46,46,45,45,47
11/03/89,47,47,49,50,51,52,53,53,54,54,54,54,55,55,56,55,55,55,54,53,52,52,51,52
11/04/89,52,53,52,52,51,50,50,50,50,50,52,54,55,56,54,53,52,50,51,50,50,49,49,49
11/05/89,48,49,48,49,48,48,48,48,49,49,51,51,53,54,53,54,53,52,51,51,50,50,50,50
11/06/89,50,50,50,50,50,50,49,49,50,50,50,50,50,51,51,51,51,51,51,51,50,48,48,47
11/07/89,47,48,48,46,45,44,44,43,48,49,50,51,51,51,50,50,50,50,49,48,49,49,49,50
11/08/89,50,50,50,50,50,50,50,52,53,53,53,51,52,52,52,53,53,54,55,55,55,55,55,56
11/09/89,56,55,56,55,55,55,56,56,56,57,58,57,59,60,60,60,58,58,58,58,58,58,57,56
11/10/89,54,54,55,55,55,55,54,54,54,55,55,55,52,51,51,51,50,49,49,49,49,49,49,49
11/11/89,48,49,48,48,48,47,48,48,48,48,48,47,46,46,46,45,44,44,44,43,43,43,43,43
11/12/89,42,41,41,40,41,41,41,40,43,44,44,45,45,48,45,44,43,41,42,42,42,41,41,42
11/13/89,42,41,41,42,43,44,43,42,43,44,43,46,47,47,47,48,46,45,45,46,46,46,45,44
11/14/89,43,42,41,42,42,41,42,43,44,46,45,48,47,48,48,46,44,44,44,44,42,42,42,41
11/15/89,41,39,40,40,39,40,39,38,41,43,48,49,49,49,49,48,46,44,44,44,45,45,45,44
11/16/89,45,45,46,46,46,45,47,46,47,48,48,48,48,48,48,48,48,47,48,47,48,48,47,47
11/17/89,47,47,46,46,45,45,45,45,45,46,47,47,48,48,48,47,47,47,46,47,47,47,47,47
11/18/89,47,47,47,46,46,46,46,46,46,47,49,50,53,52,53,51,47,47,46,44,47,45,46,47
11/19/89,46,47,48,49,47,48,48,48,49,49,49,49,51,51,51,51,50,50,51,51,51,51,52,50
11/20/89,51,49,49,48,47,48,48,47,49,50,52,53,53,52,52,51,51,51,51,50,50,50,50,50
11/21/89,50,50,48,48,47,45,45,44,45,46,47,50,51,51,50,48,42,45,43,40,41,41,42,42
11/22/89,42,42,42,41,40,40,40,40,41,43,45,44,45,48,47,45,41,40,39,39,40,41,42,43
11/23/89,43,44,42,42,42,43,44,45,47,49,49,51,51,48,48,48,47,46,46,45,43,40,42,42
11/24/89,43,43,42,42,40,39,39,41,42,44,45,45,43,42,41,42,41,41,40,42,43,42,41,41
11/25/89,42,40,40,40,41,41,42,42,42,43,45,47,48,46,45,45,44,44,43,43,42,41,41,39
11/26/89,39,38,38,39,39,40,42,42,42,42,43,44,48,46,48,46,43,42,40,40,37,39,37,37
11/27/89,41,41,42,40,41,39,42,43,44,44,48,50,52,50,50,48,47,47,45,43,43,42,42,43
11/28/89,39,38,38,38,39,34,38,36,39,42,47,49,49,50,50,47,46,48,47,45,44,45,44,43
11/29/89,43,41,41,42,44,42,41,43,44,46,47,48,49,51,50,49,45,47,44,46,46,44,44,45
11/30/89,45,42,40,38,38,39,37,39,42,43,49,49,50,51,48,48,44,43,43,40,40,41,42,39
12/01/89,37,40,39,38,38,38,40,42,41,45,47,52,53,54,53,53,52,51,49,48,47,48,48,48
12/02/89,46,45,47,44,45,44,44,46,45,49,47,46,46,45,45,46,46,46,47,48,46,47,47,49
12/03/89,48,49,51,54,54,53,52,52,51,52,53,54,52,52,52,52,53,54,53,53,54,54,55,56
12/04/89,57,57,56,56,56,56,56,56,56,56,56,56,56,56,56,55,54,53,53,53,52,51,51,50
12/05/89,51,50,50,50,50,50,49,49,50,51,52,53,54,53,53,51,50,50,50,50,50,48,48,49
12/06/89,50,49,49,49,50,49,50,49,50,50,50,50,50,51,50,49,48,48,49,48,48,47,49,47
12/07/89,47,48,48,47,47,45,45,44,45,46,48,49,49,49,48,48,50,48,48,48,48,49,49,49
12/08/89,50,50,50,49,49,48,48,48,48,49,48,49,49,48,45,46,46,45,45,44,45,45,44,45
12/09/89,45,45,44,44,43,43,40,39,42,44,45,46,48,50,48,46,45,45,44,42,42,42,42,42
12/10/89,41,41,41,41,38,37,39,40,40,41,42,44,43,45,45,43,41,39,38,40,37,37,37,34
12/11/89,37,35,33,32,31,31,32,33,31,34,35,39,41,43,42,40,36,35,37,37,35,36,36,32
12/12/89,34,31,29,29,32,30,34,32,33,38,42,44,42,43,41,40,39,40,40,39,39,39,40,39
12/13/89,39,39,35,36,34,34,34,34,35,38,42,43,44,45,45,43,42,40,39,38,38,38,36,36
12/14/89,34,35,33,32,33,32,32,33,31,37,37,40,41,42,42,41,39,39,38,38,37,35,35,33
12/15/89,32,33,34,33,35,36,36,36,37,39,39,41,41,41,40,40,39,39,38,38,38,39,39,39
12/16/89,38,39,39,39,37,37,37,37,38,39,40,39,40,40,41,39,38,37,37,37,37,35,33,34
12/17/89,34,35,35,34,34,34,35,34,34,35,36,37,39,39,39,39,39,39,39,39,38,38,38,38
12/18/89,37,37,37,37,36,36,35,35,35,35,37,38,39,40,40,39,39,39,38,38,38,38,39,39
12/19/89,38,39,40,40,41,41,41,42,41,42,43,44,44,45,46,46,45,46,46,45,44,45,45,45
12/20/89,45,45,45,45,45,45,45,45,46,46,49,48,48,48,47,46,45,44,45,45,45,45,45,45
12/21/89,44,44,42,43,41,41,42,42,41,44,46,48,50,48,49,48,47,47,47,45,44,43,42,44
12/22/89,43,41,40,39,40,42,40,41,40,40,40,42,43,44,45,46,45,46,44,46,46,46,45,44
12/23/89,44,44,43,44,45,45,46,47,47,48,49,50,51,52,52,50,47,50,50,50,51,51,50,50
12/24/89,49,48,48,48,47,47,46,46,46,46,45,45,45,45,45,45,44,44,45,45,44,43,43,43
12/25/89,43,43,42,42,42,41,41,41,41,40,41,40,41,42,42,40,40,40,41,40,41,41,41,40
12/26/89,40,39,39,38,38,38,37,37,37,37,37,38,38,39,39,38,38,38,37,36,35,34,34,33
12/27/89,30,32,32,32,30,32,33,33,37,37,40,41,41,42,41,42,42,42,42,42,41,42,42,42
12/28/89,41,41,41,42,42,42,42,42,42,42,43,43,44,45,44,43,43,42,42,41,41,40,39,39
12/29/89,39,40,39,39,39,40,39,39,40,41,42,43,44,46,46,45,45,45,44,44,45,44,44,44
12/30/89,45,44,45,44,44,44,44,44,45,46,45,46,47,47,47,46,45,45,44,45,44,43,42,43
12/31/89,43,43,41,40,41,40,40,39,40,43,45,48,48,47,45,45,45,45,45,45,44,45,45,44
01/01/90,44,44,44,43,43,43,42,42,42,42,42,43,43,44,45,42,40,39,38,37,39,38,36,35
01/02/90,34,34,33,34,35,34,34,35,36,37,39,42,42,43,43,41,40,39,38,41,41,41,40,41
01/03/90,41,41,42,41,40,41,42,42,43,43,44,44,44,45,44,44,44,44,44,44,44,44,44,44
01/04/90,44,44,45,45,45,44,44,44,45,47,49,50,49,50,50,49,49,47,47,47,47,47,46,47
01/05/90,47,47,46,45,47,48,46,45,47,48,50,51,53,54,52,51,51,49,48,49,48,48,47,47
01/06/90,46,45,45,46,45,46,45,44,45,48,50,50,50,50,50,48,47,47,49,51,51,51,52,52
01/07/90,51,51,50,50,49,48,46,47,48,48,51,51,49,51,52,50,48,46,46,45,45,45,44,43
01/08/90,43,44,44,44,44,46,46,46,46,46,47,47,47,48,48,47,48,47,47,46,46,45,45,46
01/09/90,46,48,51,51,51,51,51,52,52,52,53,53,52,49,47,45,44,43,43,42,43,42,42,42
01/10/90,41,40,39,40,39,38,39,37,37,40,41,43,43,44,43,42,40,38,40,39,38,37,37,37
01/11/90,37,36,36,36,36,37,38,45,44,47,48,49,49,48,47,48,47,48,48,49,47,46,49,49
01/12/90,48,48,44,41,40,40,40,42,42,43,45,49,48,48,49,49,48,46,43,46,50,48,45,44
01/13/90,44,44,43,44,44,44,46,46,46,47,47,48,49,50,51,51,50,50,48,49,48,47,48,47
01/14/90,47,46,46,46,46,46,46,45,46,46,46,47,47,48,47,46,45,45,45,45,45,45,44,44
01/15/90,44,44,44,42,41,43,43,44,44,45,45,46,46,47,47,46,45,45,44,44,44,44,43,43
01/16/90,43,43,41,42,42,42,41,40,42,43,44,45,45,47,47,45,44,44,44,44,44,44,43,42
01/17/90,42,40,39,37,38,39,38,36,38,41,43,45,46,47,48,44,41,39,37,38,38,37,37,37
01/18/90,33,33,33,31,31,30,29,28,31,32,35,41,45,46,46,45,39,36,39,36,34,33,31,28
01/19/90,30,32,39,33,35,38,39,39,38,41,42,45,46,48,46,46,42,39,40,42,41,38,36,35
01/20/90,37,37,36,36,34,32,34,36,36,36,42,45,47,48,49,47,43,42,42,44,44,42,42,42
01/21/90,42,42,41,42,42,41,42,42,42,42,43,43,45,46,45,44,45,45,44,43,42,42,43,44
01/22/90,43,43,44,44,46,45,44,44,44,45,45,45,45,45,45,43,42,41,41,42,43,43,42,41
01/23/90,39,42,40,40,38,38,38,38,39,41,44,46,45,46,47,44,42,41,38,39,39,39,39,39
01/24/90,40,38,38,40,40,40,41,41,42,43,44,45,46,46,46,46,46,45,44,43,42,42,42,43
01/25/90,41,41,42,40,42,46,44,42,41,41,41,41,41,39,39,38,38,38,38,38,38,38,38,37
01/26/90,36,34,33,32,33,33,34,34,34,34,36,38,39,39,39,39,38,38,37,37,37,37,38,38
01/27/90,38,39,38,39,40,39,38,38,39,39,40,42,43,46,47,48,45,44,43,43,43,43,43,42
01/28/90,41,40,40,40,41,42,42,42,42,43,43,44,44,44,44,45,43,43,43,43,44,44,43,42
01/29/90,40,41,41,41,40,40,39,40,40,40,40,41,42,42,39,39,39,39,40,40,41,40,39,38
01/30/90,39,37,38,37,39,38,37,37,37,38,39,41,41,40,40,40,40,39,40,39,40,33,33,34
01/31/90,34,33,34,35,36,36,36,36,36,36,37,37,39,40,39,40,38,38,38,37,38,38,40,40
02/01/90,39,38,38,38,37,37,38,38,39,40,41,43,43,44,44,44,43,42,42,42,42,41,42,41
02/02/90,40,40,41,43,42,43,43,43,43,44,44,44,45,45,46,46,48,48,48,47,48,49,48,47
02/03/90,49,49,50,50,48,46,45,45,44,43,41,40,39,39,39,39,39,39,37,38,37,37,37,27
02/04/90,36,37,38,38,38,38,38,38,39,40,40,42,43,43,43,44,43,43,42,42,41,40,40,40
02/05/90,40,42,42,42,40,39,38,38,39,39,41,42,42,43,38,39,38,38,38,38,36,36,35,36
02/06/90,36,35,34,35,34,33,33,34,34,36,37,37,37,39,39,39,36,35,35,35,34,34,34,34
02/07/90,34,34,33,32,33,34,35,35,33,35,37,37,37,36,37,36,37,37,38,39,38,35,37,36
02/08/90,37,37,37,38,38,36,36,36,35,37,38,39,41,42,43,43,43,43,43,43,43,42,43,43
02/09/90,44,44,44,45,45,45,45,45,45,44,45,45,46,47,48,48,49,49,49,49,49,49,49,49
02/10/90,49,49,49,49,49,49,49,49,49,49,49,50,50,50,50,50,50,50,50,50,50,50,50,50
02/11/90,49,49,49,48,47,46,44,43,42,41,40,41,43,42,43,42,39,36,34,34,35,34,32,33
02/12/90,33,33,33,32,32,32,31,31,31,32,32,33,37,35,35,34,32,32,31,31,30,30,29,30
02/13/90,29,30,31,30,29,27,27,27,30,32,34,36,36,36,34,34,32,30,28,29,27,28,28,25
02/14/90,27,24,23,22,22,22,22,22,25,27,29,33,33,33,33,33,32,31,32,31,31,32,33,33
02/15/90,33,33,34,34,35,34,34,33,33,33,33,34,35,36,35,35,36,34,34,34,34,33,33,33
02/16/90,34,33,33,32,32,32,33,33,33,34,35,35,37,35,35,35,35,34,34,35,34,33,31,30
02/17/90,30,29,29,28,28,28,28,28,29,28,29,31,31,31,31,31,30,29,24,27,23,26,28,25
02/18/90,24,26,25,23,23,20,25,25,26,26,30,32,36,37,38,37,37,34,33,28,32,31,33,31
02/19/90,29,29,28,25,26,22,23,28,26,29,32,36,38,38,39,38,40,37,39,36,38,40,40,37
02/20/90,37,34,34,35,35,36,37,37,38,39,39,40,41,42,43,44,45,46,46,46,45,44,44,44
02/21/90,44,43,43,43,42,42,41,41,41,42,43,44,45,47,47,47,47,46,45,45,43,44,44,42
02/22/90,39,41,39,40,40,40,39,38,38,39,42,41,46,48,50,49,48,44,41,41,40,42,40,40
02/23/90,39,36,34,34,35,35,34,34,35,36,39,42,47,51,48,50,51,50,52,51,50,49,48,47
02/24/90,47,47,47,47,47,47,47,48,48,49,49,51,51,51,53,52,52,50,49,47,48,49,49,48
02/25/90,48,48,48,47,47,46,45,45,45,46,46,48,50,50,51,50,47,46,44,41,41,40,40,39
02/26/90,38,38,38,38,38,37,37,37,38,41,44,47,50,53,54,54,53,51,50,48,46,46,45,43
02/27/90,42,42,42,41,41,41,40,42,49,53,58,61,63,64,65,64,62,59,56,54,50,54,52,52
02/28/90,52,51,51,49,44,40,41,46,48,51,56,60,61,64,64,64,63,54,53,54,54,52,50,49
03/01/90,45,43,38,36,38,34,37,40,46,50,53,59,58,60,61,60,61,55,53,49,48,47,43,39
03/02/90,39,39,38,40,36,37,36,40,45,52,54,56,61,62,63,63,61,57,55,57,55,51,47,49
03/03/90,49,50,51,49,46,48,50,47,52,50,50,52,50,48,50,49,50,50,50,49,47,46,47,46
03/04/90,46,46,45,45,44,44,44,43,46,50,52,53,55,56,56,55,55,52,50,49,49,49,47,47
03/05/90,47,47,45,45,45,45,45,46,46,47,48,51,53,53,53,53,51,48,47,47,46,45,46,46
03/06/90,46,45,45,44,44,44,44,45,44,44,44,45,45,46,46,46,46,46,45,47,47,47,47,47
03/07/90,47,47,47,48,48,47,47,47,47,47,47,47,47,46,42,42,42,41,41,37,37,38,39,38
03/08/90,38,37,36,35,35,34,35,36,36,36,37,36,37,39,39,39,39,38,37,37,37,38,38,38
03/09/90,39,39,39,40,41,41,41,42,42,43,44,45,47,45,45,44,44,45,44,45,45,44,45,44
03/10/90,43,42,42,42,40,39,39,40,42,43,44,45,47,47,47,45,43,41,39,38,37,35,35,35
03/11/90,36,35,35,35,34,34,34,36,39,42,42,47,44,47,47,48,44,42,40,41,40,37,37,37
03/12/90,37,37,36,36,35,36,36,37,39,44,44,46,46,50,49,49,48,45,44,44,44,39,38,36
03/13/90,36,37,35,33,34,32,33,35,40,44,48,49,49,50,51,50,48,42,40,40,40,40,39,39
03/14/90,41,41,42,42,42,43,43,43,44,46,46,47,48,51,52,52,50,49,47,46,44,43,43,42
03/15/90,42,42,40,38,38,38,38,40,44,50,51,53,55,58,57,57,55,53,48,46,47,48,45,44
03/16/90,43,43,42,41,41,42,42,45,47,48,51,54,54,59,60,58,55,54,54,52,51,50,48,50
03/17/90,48,51,49,49,49,49,50,51,52,51,54,57,55,53,53,52,53,53,52,51,51,51,50,49
03/18/90,48,48,49,46,47,47,48,49,50,51,52,53,56,59,57,56,57,54,52,50,48,48,47,47
03/19/90,49,47,47,46,46,46,46,47,47,47,51,54,56,57,58,56,54,52,50,50,50,48,47,49
03/20/90,48,49,48,48,49,48,48,50,52,54,55,55,57,57,57,57,56,53,50,49,48,47,50,49
03/21/90,49,46,45,42,42,42,43,44,46,50,53,56,58,59,59,59,57,52,49,48,48,49,48,48
03/22/90,47,47,46,45,44,45,46,47,48,50,48,46,44,44,44,43,42,41,40,40,39,39,39,39
03/23/90,39,39,39,39,38,38,39,39,39,41,41,45,47,47,47,48,47,46,46,46,45,45,44,41
03/24/90,41,40,40,40,39,39,40,43,46,50,52,53,55,55,56,55,54,52,50,49,48,47,47,46
03/25/90,47,46,45,45,43,43,44,48,51,54,57,59,57,58,59,59,59,55,50,49,46,44,41,46
03/26/90,41,41,43,40,37,35,39,44,45,49,53,56,59,59,61,60,59,55,50,47,50,51,48,43
03/27/90,43,42,42,42,41,39,39,44,48,53,57,58,59,60,62,61,61,55,51,53,52,52,48,48
03/28/90,47,46,43,42,41,41,41,47,50,55,57,58,60,64,66,66,64,61,55,56,55,55,51,49
03/29/90,45,44,42,44,40,40,40,42,46,48,50,53,54,54,58,60,58,57,52,52,52,51,48,49
03/30/90,45,45,43,43,42,43,44,44,44,45,45,45,46,47,47,47,47,47,46,46,46,44,45,45
03/31/90,46,46,46,46,46,46,47,47,48,49,51,54,52,54,57,56,56,54,51,50,51,50,50,46
04/01/90,45,45, 0,43,43,44,43,43,44,45,46,48,53,57,57,58,58,57,54,53,52,49,49,50
04/02/90,49,49,49,48,47,47,47,47,48,48,50,51,52,52,53,57,57,57,55,50,49,52,51,49
04/03/90,47,46,45,43,43,41,43,45,48,51,55,56,58,60,62,62,62,60,57,52,50,51,51,50
04/04/90,49,48,46,45,44,45,43,45,48,52,55,58,61,63,64,65,65,62,59,53,50,53,51,48
04/05/90,48,49,43,45,43,42,42,44,49,52,55,60,59,61,65,66,66,64,61,54,51,51,50,46
04/06/90,48,46,44,44,44,42,42,42,43,44,44,47,54,57,62,63,64,63,61,55,51,50,47,48
04/07/90,46,43,42,43,41,42,43,43,42,43,43,44,45,46,48,53,55,55,53,49,48,48,48,47
04/08/90,45,43,43,45,45,45,45,46,46,46,47,46,49,53,54,51,54,54,52,50,49,46,44,44
04/09/90,41,43,43,42,42,41,42,44,47,50,53,56,56,56,55,55,55,57,55,52,50,51,49,48
04/10/90,49,48,45,41,45,45,45,48,50,55,58,63,66,65,66,68,68,64,64,63,54,55,58,57
04/11/90,55,54,52,51,51,49,49,50,50,52,53,55,55,55,56,60,59,60,59,55,53,51,49,50
04/12/90,50,50,49,48,44,46,47,49,49,51,53,53,56,57,58,57,57,57,57,56,55,51,50,48
04/13/90,49,48,48,49,48,48,48,50,50,50,50,52,52,53,53,53,54,53,52,53,53,53,52,52
04/14/90,52,52,52,52,52,52,51,52,52,54,55,57,59,60,62,62,59,60,60,55,53,51,52,53
04/15/90,51,50,50,48,47,47,49,50,51,56,61,63,65,68,70,71,71,69,66,61,58,58,58,57
04/16/90,57,53,55,54,51,52,53,55,57,60,63,68,71,70,73,75,77,76,70,65,63,59,57,55
04/17/90,53,53,55,54,54,53,52,52,52,52,52,53,53,53,53,53,55,55,54,52,52,50,50,47
04/18/90,47,47,47,47,47,47,47,47,49,50,50,53,54,56,58,58,57,56,56,55,54,53,52,51
04/19/90,51,50,50,50,49,49,49,50,52,53,56,58,57,57,57,57,57,55,54,53,54,53,54,53
04/20/90,52,52,52,52,52,52,52,52,52,52,51,52,53,54,55,56,56,56,56,55,54,51,50,50
04/21/90,49,49,48,48,48,48,47,48,48,50,51,54,56,57,58,58,58,58,57,55,53,51,50,48
04/22/90,49,48,47,47,47,47,47,47,48,51,52,53,55,54,53,54,53,53,53,52,51,51,51,50
04/23/90,50,49,49,48,48,48,48,48,48,48,48,47,49,50,53,52,51,50,49,49,48,47,46,45
04/24/90,45,45,45,45,44,44,44,46,48,49,50,54,54,54,57,57,56,53,52,51,50,49,48,46
04/25/90,46,46,46,45,45,45,46,46,48,51,53,54,55,54,55,55,54,53,51,48,47,47,46,46
04/26/90,45,44,43,43,44,43,45,46,48,49,49,49,50,48,48,48,48,47,46,45,45,45,45,44
04/27/90,44,44,44,43,43,43,43,43,43,44,44,44,45,46,46,47,45,46,47,46,44,43,42,41
04/28/90,42,42,42,42,42,42,42,42,46,48,50,52,52,56,55,55,56,51,50,50,48,47,45,45
04/29/90,45,45,45,45,44,44,44,45,46,48,48,48,52,56,58,59,58,57,57,54,49,49,51,48
04/30/90,47,44,42,41,41,41,41,44,48,53,55,58,60,63,65,65,65,64,62,57,56,53,54,54
05/01/90,48,49,48,45,45,44,46,47,48,50,54,55,58,60,59,59,59,59,59,56,56,50,49,50
05/02/90,51,51,51,51,51,51,51,51,51,52,52,53,54,56,57,59,58,57,58,57,54,54,54,54
05/03/90,51,52,51,51,51,51,51,52,53,55,58,62,64,66,67,68,69,69,68,62,58,59,57,53
05/04/90,52,50,51,50,49,50,51,53,58,61,66,69,71,74,75,77,77,76,75,68,63,61,62,59
05/05/90,58,57,56,54,53,52,55,59,64,69,72,72,74,72,68,65,63,60,55,52,50,48,48,47
05/06/90,47,45,44,42,42,41,42,46,48,50,53,56,48,49,48,53,53,51,51,50,48,46,46,44
05/07/90,43,43,43,41,41,41,41,43,45,46,47,48,49,51,51,52,54,56,54,51,47,49,48,45
05/08/90,44,42,41,40,40,42,43,46,49,51,54,57,58,61,62,63,63,63,61,58,53,53,51,50
05/09/90,50,50,50,49,48,47,46,52,56,58,61,63,65,68,69,69,69,67,65,62,57,54,54,54
05/10/90,53,52,51,51,50,49,48,48,49,50,50,51,53,53,58,57,57,57,55,55,54,53,52,52
05/11/90,51,50,50,49,49,49,49,50,51,53,55,56,58,60,59,59,58,57,55,54,52,50,50,49
05/12/90,49,49,49,49,49,48,48,49,50,51,51,52,57,58,58,59,55,53,54,53,52,51,50,50
05/13/90,49,47,48,48,48,48,48,49,48,48,49,53,55,54,52,54,54,49,50,48,47,46,46,45
05/14/90,44,45,45,45,45,46,46,46,46,48,49,49,49,52,55,57,57,56,55,55,51,49,48,47
05/15/90,48,47,45,45,47,47,48,50,51,51,52,52,54,57,56,56,55,55,55,54,53,52,50,49
05/16/90,48,47,48,48,48,47,48,49,50,51,54,57,55,57,60,61,61,61,60,57,53,51,51,51
05/17/90,50,47,49,47,46,47,47,47,48,49,51,53,54,58,61,60,58,58,57,56,54,53,52,50
05/18/90,49,48,48,47,47,47,48,49,51,50,55,57,55,56,56,59,58,59,57,56,54,53,51,51
05/19/90,50,50,49,48,47,48,49,50,52,55,56,58,60,60,62,63,64,62,59,58,58,56,54,51
05/20/90,52,51,51,50,50,50,49,50,51,53,52,56,58,54,59,59,56,53,52,48,48,49,48,48
05/21/90,48,49,49,49,48,48,50,53,56,60,63,66,66,65,63,60,65,58,55,54,53,54,53,52
05/22/90,53,53,52,52,51,51,52,53,52,53,55,56,56,58,60,54,58,62,59,56,55,52,53,51
05/23/90,49,50,49,48,48,48,49,50,51,51,52,51,53,53,55,55,54,55,55,53,52,50,51,49
05/24/90,48,45,44,44,45,44,46,49,50,54,56,56,58,60,60,60,60,59,58,55,53,51,50,49
05/25/90,48,45,46,46,47,47,49,50,52,54,55,56,59,60,60,63,65,62,62,60,56,52,52,54
05/26/90,48,50,49,48,45,48,49,50,51,50,55,60,61,62,64,65,65,65,63,61,58,59,59,60
05/27/90,57,56,57,54,54,54,55,56,56,59,60,62,64,62,62,62,63,63,64,63,61,60,60,57
05/28/90,56,55,55,54,55,55,55,54,54,56,58,59,61,63,65,68,67,68,65,63,61,57,54,53
05/29/90,54,53,52,51,50,51,54,54,57,58,59,60,60,62,64,63,59,59,59,58,57,56,56,55
05/30/90,53,53,53,53,53,53,57,59,62,62,64,66,68,70,57,59,57,57,56,52,50,50,49,49
05/31/90,49,49,49,49,49,49,49,49,50,52,53,55,55,54,55,56,53,55,56,54,51,50,50,50
06/01/90,49,50,50,50,49,48,48,49,50,50,51,52,52,53,54,54,55,56,57,56,53,51,51,51
06/02/90,51,51,51,50,50,50,51,53,57,60,63,65,64,63,66,65,63,62,62,59,57,57,57,56
06/03/90,56,56,55,54,53,55,56,56,57,60,59,58,60,58,56,58,55,55,56,53,52,50,49,50
06/04/90,50,50,49,47,47,47,50,51,54,56,59,59,61,62,58,57,53,53,55,54,53,53,51,50
06/05/90,50,50,50,49,50,49,50,52,53,56,58,60,61,64,64,64,63,66,62,62,61,58,60,56
06/06/90,57,56,56,56,55,55,55,54,54,54,55,57,58,59,60,61,59,60,58,57,55,54,53,53
06/07/90,52,49,50,49,49,48,48,48,49,47,48,48,46,45,47,47,45,46,45,47,47,47,47,48
06/08/90,49,53,52,52,52,53,52,53,54,56,60,61,64,64,66,65,66,65,64,60,58,57,57,55
06/09/90,54,54,53,52,52,52,54,55,58,57,57,58,59,57,56,55,55,55,53,53,51,50,50,49
06/10/90,48,48,47,46,46,47,48,49,51,54,54,52,55,56,58,56,50,52,52,52,52,51,50,51
06/11/90,51,50,50,50,50,50,51,53,54,55,57,57,58,59,61,61,59,57,55,55,53,52,52,51
06/12/90,50,50,50,50,50,50,50,51,52,53,57,60,54,56,54,57,56,55,53,52,51,51,51,50
06/13/90,50,50,50,50,50,50,51,52,53,54,56,58,59,63,63,64,66,65,64,63,59,57,57,57
06/14/90,57,55,54,52,54,53,52,56,61,63,66,67,71,73,74,75,76,76,74,72,68,64,63,57
06/15/90,58,55,53,54,52,53,53,53,53,54,56,59,63,66,68,69,69,69,67,64,60,57,55,55
06/16/90,54,53,52,52,53,53,53,53,54,56,58,60,58,60,63,61,60,60,61,60,56,54,53,53
06/17/90,51,50,52,52,52,52,53,55,57,58,61,64,64,68,68,70,72,71,70,67,63,60,59,58
06/18/90,59,56,55,53,51,52,53,52,53,53,57,63,66,69,71,73,70,70,70,70,68,61,61,58
06/19/90,58,57,56,55,54,54,55,55,58,60,62,63,65,66,67,70,71,70,68,65,64,63,62,61
06/20/90,60,60,59,59,58,58,59,58,60,64,67,68,71,72,73,74,74,74,72,70,67,65,66,64
06/21/90,63,61,60,58,58,58,60,63,67,71,74,78,78,80,82,84,83,84,83,81,77,75,70,70
06/22/90,69,67,62,63,61,60,66,71,69,67,67,66,72,72,71,68,64,63,62,61,60,58,57,56
06/23/90,55,53,54,53,53,53,53,54,54,56,58,60,63,65,67,67,67,67,66,64,60,59,58,55
06/24/90,55,54,53,53,52,51,53,54,58,58,62,63,66,68,70,71,72,72,71,70,65,59,57,55
06/25/90,53,53,52,51,51,51,54,55,57,58,61,63,63,65,65,65,64,62,61,60,60,59,58,57
06/26/90,54,54,54,54,52,51,53,54,57,62,60,62,65,66,68,69,70,69,68,66,62,60,60,58
06/27/90,58,58,56,54,53,52,57,57,60,63,64,67,70,70,72,71,70,67,61,61,60,59,59,59
06/28/90,58,58,58,58,58,56,58,59,59,62,66,66,63,67,70,70,71,72,70,68,65,64,63,59
06/29/90,60,59,57,57,56,56,60,63,67,68,70,70,73,75,75,77,78,76,75,72,66,63,62,61
06/30/90,60,60,59,60,60,59,60,61,59,61,61,62,68,69,70,71,71,70,69,67,64,60,58,59
07/01/90,58,57,56,55,56,55,57,57,59,60,64,65,66,65,67,66,65,64,64,63,61,59,58,57
07/02/90,57,55,54,54,53,53,53,53,55,54,53,52,54,58,59,59,61,62,62,60,58,55,53,54
07/03/90,51,51,52,52,51,51,53,56,57,62,66,66,68,69,70,72,72,72,70,66,64,63,63,60
07/04/90,61,61,58,58,59,58,60,63,64,66,65,70,70,75,74,78,79,77,73,74,68,65,64,63
07/05/90,62,62,61,60,61,59,60,65,67,68,68,71,73,75,76,73,64,63,63,60,60,59,57,58
07/06/90,58,58,58,57,56,56,57,58,60,61,62,64,67,69,72,68,63,63,65,64,63,62,61,57
07/07/90,57,57,58,58,57,57,56,62,62,65,69,71,72,73,75,75,75,74,71,69,66,64,63,63
07/08/90,63,61,58,59,58,59,61,62,66,69,71,72,73,77,77,79,79,78,76,73,68,66,66,64
07/09/90,62,61,59,59,59,58,61,64,68,70,71,71,74,76,79,81,80,80,79,75,70,66,68,65
07/10/90,64,63,62,61,60,60,62,65,68,72,74,76,80,82,84,85,85,84,82,79,75,75,73,69
07/11/90,70,68,68,65,63,64,66,69,74,74,80,82,85,87,83,83,84,86,83,81,77,79,74,74
07/12/90,72,74,73,70,68,70,70,74,74,77,80,83,82,82,85,86,86,85,85,83,78,75,71,69
07/13/90,68,62,58,57,55,56,59,63,67,68,72,75,78,79,81,83,83,83,80,77,73,69,66,68
07/14/90,67,65,63,60,58,58,61,65,70,71,74,76,78,79,81,83,84,82,82,80,75,75,73,70
07/15/90,68,64,63,62,61,57,64,69,73,77,79,80,83,84,86,86,86,86,83,80,73,72,70,68
07/16/90,67,67,65,58,55,54,57,58,61,64,65,67,71,72,73,75,76,77,76,73,69,64,60,60
07/17/90,57,57,55,54,53,52,55,57,60,62,65,69,71,74,75,77,78,78,76,74,68,65,63,63
07/18/90,63,62,61,60,59,57,61,64,67,70,72,73,75,78,79,80,81,81,80,77,72,70,70,69
07/19/90,67,65,64,62,62,61,63,65,68,71,75,79,81,82,84,84,85,84,82,79,73,70,71,71
07/20/90,71,69,66,64,61,61,64,68,72,75,77,81,84,86,88,90,88,89,87,84,77,75,78,75
07/21/90,74,70,65,63,62,63,64,71,75,81,82,86,89,91,92,94,93,92,90,86,81,77,77,73
07/22/90,76,71,69,67,65,62,63,66,67,71,75,78,80,83,83,84,86,79,76,70,65,62,60,58
07/23/90,58,59,58,58,58,57,58,58,58,59,60,61,64,64,66,66,66,69,68,64,62,61,60,60
07/24/90,59,58,55,57,57,57,57,58,59,62,62,63,64,63,65,66,64,63,62,61,61,60,59,58
07/25/90,58,58,57,57,57,57,57,57,57,58,57,56,58,60,60,60,60,61,61,61,60,59,60,60
07/26/90,59,59,59,58,58,58,58,59,59,60,60,62,63,63,64,63,64,63,65,63,61,58,58,59
07/27/90,59,59,58,57,57,58,58,60,63,64,68,70,72,71,72,73,73,75,73,70,66,63,62,64
07/28/90,63,61,57,56,55,56,59,62,66,67,73,75,77,79,80,81,82,80,80,76,73,74,73,71
07/29/90,71,68,68,63,61,64,66,69,74,77,79,82,85,87,89,90,90,89,88,84,79,78,78,75
07/30/90,71,70,67,71,63,61,64,70,73,74,76,78,82,84,83,84,86,88,84,79,72,66,62,60
07/31/90,59,59,59,59,58,59,59,59,60,61,62,63,63,65,66,67,69,71,70,69,67,63,61,61
08/01/90,59,58,58,58,58,58,57,57,57,57,58,60,63,66,69,70,71,70,70,70,68,62,60,59
08/02/90,56,53,53,52,51,51,53,55,58,60,64,67,68,71,74,76,78,78,76,74,69,70,68,66
08/03/90,66,64,63,62,60,61,63,65,68,70,71,75,77,79,81,82,82,81,79,76,72,69,71,69
08/04/90,67,66,64,62,61,63,64,67,71,74,78,81,85,88,90,89,91,87,83,80,77,76,75,74
08/05/90,68,72,67,65,65,63,64,67,68,71,74,77,80,83,84,85,85,83,80,74,67,64,63,61
08/06/90,60,60,58,56,56,56,58,59,59,60,61,65,68,70,71,73,75,77,76,75,72,69,68,60
08/07/90,64,63,61,60,60,60,56,59,63,67,69,72,73,76,79,80,83,83,81,79,75,69,70,67
08/08/90,65,65,60,63,62,62,62,61,62,64,66,70,74,76,80,80,81,81,81,81,78,73,68,70
08/09/90,70,68,64,59,59,59,57,56,59,67,72,76,77,77,80,78,80,82,85,82,76,74,71,71
08/10/90,73,69,66,64,66,65,61,61,68,72,74,75,79,82,84,88,88,90,89,87,85,78,75,73
08/11/90,70,72,70,71,66,66,66,68,71,75,80,82,83,89,92,93,93,93,90,88,84,79,77,79
08/12/90,75,76,72,67,68,67,64,63,66,70,72,74,80,82,85,88,86,86,84,80,73,68,64,62
08/13/90,61,61,62,62,62,62,62,62,63,64,65,67,70,70,72,74,76,75,74,74,74,68,64,60
08/14/90,59,57,59,59,57,55,56,57,59,63,67,69,72,74,76,77,78,80,81,79,77,69,65,63
08/15/90,60,60,59,60,57,57,59,61,63,66,66,72,73,74,73,72,73,71,71,68,65,65,64,63
08/16/90,62,62,62,62,60,61,62,63,67,68,71,73,74,75,73,76,76,75,71,69,67,65,65,64
08/17/90,63,61,63,61,61,60,61,61,63,66,70,71,74,74,69,69,68,66,67,65,65,63,65,62
08/18/90,62,61,61,60,60,60,60,61,62,63,64,65,68,68,67,70,70,70,69,65,63,62,62,61
08/19/90,61,58,60,56,58,58,57,60,62,62,64,64,65,66,68,71,71,69,67,66,65,65,65,63
08/20/90,61,58,58,60,58,56,57,58,59,62,66,67,69,73,75,75,77,77,75,73,69,68,70,65
08/21/90,65,65,62,63,62,61,60,60,61,61,62,63,63,64,64,64,64,65,65,64,64,64,63,63
08/22/90,63,62,61,61,61,61,61,61,62,62,63,64,67,66,68,71,71,73,69,64,64,62,60,57
08/23/90,56,56,54,54,52,50,54,57,59,59,60,62,65,67,67,69,69,68,67,61,62,61,61,57
08/24/90,57,55,54,54,54,54,54,55,56,57,59,62,65,67,68,69,70,69,67,62,60,60,57,57
08/25/90,57,57,54,55,54,53,53,57,58,62,64,67,68,69,71,71,71,71,69,66,63,61,61,58
08/26/90,56,56,54,55,53,54,51,54,59,62,64,66,67,71,72,74,74,75,71,68,64,67,65,62
08/27/90,62,57,57,56,56,53,55,57,60,61,65,66,68,71,74,76,77,77,75,72,67,68,65,63
08/28/90,65,64,63,59,59,57,62,65,69,70,71,74,79,82,83,84,84,81,78,73,69,69,67,66
08/29/90,63,64,63,63,62,61,60,60,61,62,64,61,60,61,62,62,62,62,62,61,61,60,59,60
08/30/90,60,60,59,59,59,59,59,60,62,63,65,65,66,65,64,67,64,63,64,63,63,62,62,63
08/31/90,63,62,62,60,58,58,58,59,58,61,63,65,68,68,72,73,72,72,71,66,63,63,61,58
09/01/90,59,60,59,57,57,56,55,57,61,63,66,66,68,67,68,68,67,65,65,63,62,62,59,60
09/02/90,59,59,59,59,59,58,57,59,62,64,65,68,67,71,71,69,70,68,67,63,61,62,61,59
09/03/90,58,62,60,57,56,57,57,60,63,67,70,73,76,79,80,80,80,76,74,69,66,69,68,64
09/04/90,62,57,57,56,56,56,55,57,59,62,64,66,67,70,73,73,73,72,69,65,63,65,63,64
09/05/90,62,62,63,57,68,68,68,60,64,65,68,71,75,78,79,80,80,78,77,73,71,66,62,61
09/06/90,59,57,57,56,56,55,58,58,60,65,68,72,71,73,75,77,78,76,74,71,70,66,64,62
09/07/90,60,57,56,57,57,58,59,59,60,62,62,68,68,67,68,69,70,70,68,65,65,64,64,63
09/08/90,62,62,61,60,60,60,60,60,62,63,64,64,64,65,67,68,67,67,65,64,64,63,63,63
09/09/90,62,61,60,60,59,59,59,59,60,61,63,66,68,68,71,71,71,69,66,62,60,59,58,60
09/10/90,59,58,57,56,52,52,55,55,55,59,64,67,70,73,75,76,76,75,72,67,63,61,61,60
09/11/90,61,57,55,56,54,53,54,54,55,56,57,57,61,63,63,63,62,61,60,60,60,60,60,59
09/12/90,59,59,59,59,59,59,59,59,60,61,62,63,64,64,64,65,65,65,64,62,61,61,61,59
09/13/90,57,54,55,55,55,54,52,55,58,62,65,67,70,72,73,74,73,71,67,63,63,63,62,61
09/14/90,60,59,58,57,56,56,55,58,61,62,67,69,71,77,76,77,77,70,67,65,63,62,59,61
09/15/90,59,59,57,56,57,56,55,56,61,62,60,61,62,61,63,64,63,62,62,61,60,59,58,59
09/16/90,59,58,57,57,57,58,58,57,59,62,66,68,70,71,71,71,72,69,68,64,61,60,58,57
09/17/90,55,56,58,58,54,59,59,59,60,59,60,63,66,67,69,71,72,71,67,63,60,60,61,60
09/18/90,56,57,56,55,56,55,55,55,55,56,56,58,68,70,73,74,74,72,69,64,62,62,61,60
09/19/90,59,58,56,54,56,55,54,55,60,64,66,68,70,71,72,71,71,68,66,61,59,61,60,56
09/20/90,58,55,54,54,55,54,52,54,54,57,62,65,67,70,70,71,72,72,67,63,62,63,62,60
09/21/90,58,58,57,58,56,56,57,58,60,64,67,71,75,77,79,81,81,79,73,69,67,67,67,66
09/22/90,65,64,61,63,58,57,59,62,68,75,78,82,83,86,88,90,90,88,83,79,74,65,64,60
09/23/90,58,57,55,56,57,56,56,57,57,58,58,59,60,65,67,68,70,69,67,64,61,58,55,55
09/24/90,54,53,52,55,56,56,56,56,58,58,59,62,61,62,62,61,61,61,61,60,59,59,59,59
09/25/90,59,58,58,58,58,58,58,59,60,61,61,64,65,66,67,69,68,66,65,63,62,60,56,56
09/26/90,57,56,54,55,56,58,58,57,58,60,62,65,64,67,67,67,66,66,64,63,62,62,62,62
09/27/90,61,61,60,61,60,59,59,59,62,65,67,69,67,71,73,72,71,69,64,62,61,58,58,57
09/28/90,57,57,53,53,50,55,53,53,53,54,59,63,69,70,73,73,72,73,65,62,60,62,58,53
09/29/90,57,54,54,54,51,55,56,56,56,57,60,65,64,64,68,68,69,66,61,59,58,60,55,55
09/30/90,54,53,52,51,48,47,50,50,53,55,60,63,65,68,69,69,67,65,59,57,58,54,56,53
10/01/90,53,53,52,54,55,57,57,59,55,55,56,58,60,61,65,66,59,58,56,54,53,53,52,48
10/02/90,48,49,47,48,48,47,49,49,50,51,52,55,57,58,60,59,58,56,56,55,53,50,49,48
10/03/90,48,48,49,48,50,52,55,55,56,57,58,59,60,60,61,60,61,59,59,59,60,60,61,61
10/04/90,61,59,59,59,60,60,60,61,62,63,64,64,64,60,51,50,50,50,49,49,48,48,49,50
10/05/90,50,50,50,47,47,48,49,47,48,51,52,55,54,57,57,55,51,51,49,50,50,49,49,49
10/06/90,49,48,46,46,46,46,46,45,46,49,49,50,54,54,54,57,55,54,49,48,45,45,45,44
10/07/90,42,42,41,40,40,40,39,40,43,46,50,53,55,57,57,58,58,56,51,50,51,52,52,51
10/08/90,50,46,47,47,46,46,45,45,49,52,55,58,59,59,61,63,61,58,55,52,54,53,53,51
10/09/90,49,48,45,46,47,44,45,47,47,50,54,56,58,58,59,59,55,55,54,54,55,55,50,50
10/10/90,50,49,48,48,46,47,47,46,49,48,50,55,56,58,58,58,58,53,51,50,50,49,46,46
10/11/90,46,44,44,42,41,40,40,41,44,47,48,49,51,53,54,53,52,52,51,50,49,48,47,48
10/12/90,48,50,51,51,50,48,50,48,51,52,52,54,53,54,55,54,54,53,53,52,52,52,51,51
